Hadrian_filter,NaN_filter,R_BRIS_RACETYPE,R_DATE,R_DISTANCE_YARDS,R_ID,R_NUMBER,R_SURFACE,R_TRACK_CODE,S_ANIMAL_ID,S_DAYS_SINCE_LAST_RUN,S_HORSE_NAME,S_JOCKEY_NAME,S_POST_POSITION,S_PROGRAM_NUMBER,S_WEIGHT,filter,prob1,prob2,prob3,prob4,starts
0,0,C,2021-04-26,2.0,2021042604201.0,1.0,D,FL,213318.0,107.0,OH DILLY,ALVARADO N R,2.0,2,122.0,-1,0.24167168979933606,0.24651964521883593,0.26413688306374167,0.2476717819180864,16.0
0,0,C,2021-04-26,2.0,2021042604201.0,1.0,D,FL,237746.0,140.0,TOUGH N BUFF,HERNANDEZ HARRY,3.0,3,122.0,-1,0.2592521510768152,0.26410601667920874,0.2465195388874483,0.2301222933565277,12.0
0,0,C,2021-04-26,2.0,2021042604201.0,1.0,D,FL,236067.0,194.0,MISS DANCIN QUEEN,PEREZ L E,4.0,4,122.0,-1,0.2740554870665386,0.2592521141977177,0.24167155118078884,0.225020847554955,8.0
0,0,C,2021-04-26,2.0,2021042604201.0,1.0,D,FL,240134.0,196.0,HOPE I CAN,DAVILA M A JR,5.0,5,122.0,-1,0.22502114864934064,0.23012256854165652,0.2476719712607997,0.2971843115482033,5.0
0,0,C,2021-04-26,2.0,2021042604202.0,2.0,D,FL,250147.0,94.0,PAZZION,WORRIE ANDRE SHIVNARINE,1.0,1,118.0,-1,0.16851555553535993,0.1710997423261849,0.17529910570391666,0.16736727936971826,4.0
0,0,C,2021-04-26,2.0,2021042604202.0,2.0,D,FL,232990.0,409.0,KERRY IT,GOMEZ O,2.0,2,122.0,-1,0.1500586782642401,0.15296086059087652,0.15720249040460418,0.165130355953568,6.0
0,0,C,2021-04-26,2.0,2021042604202.0,2.0,D,FL,218422.0,45.0,TRIPP ROAD,SONE Y,3.0,3,122.0,-1,0.17689771519562228,0.17946592324306476,0.17109973464758335,0.16321880227216756,17.0
0,0,C,2021-04-26,2.0,2021042604202.0,2.0,D,FL,238366.0,23.0,IMPRSSTHEPROFESSOR,AYALA ADDIEL J,4.0,4,122.0,-1,0.19034275528807165,0.17689770930641988,0.1685155423625844,0.16058033159865848,8.0
0,0,C,2021-04-26,2.0,2021042604202.0,2.0,D,FL,195808.0,25.0,HOT POSSEBILITY,IGNACIO RODOLFO,5.0,5,122.0,-1,0.15360506348786476,0.1563570355619204,0.16051588585967827,0.16838247098277484,43.0
0,0,C,2021-04-26,2.0,2021042604202.0,2.0,D,FL,239453.0,181.0,MAYBE A RAINBOW,CAMILO CARLOS D,6.0,6,122.0,-1,0.16058035554016523,0.16321882117324277,0.1673672912400985,0.17532074360445307,11.0
0,0,S,2021-04-26,2.0,2021042604203.0,3.0,D,FL,255335.0,44.0,IN THE ZONE,PEREZ L E,1.0,1,122.0,-1,0.21865850766918662,0.20487398049330524,0.19657999263889986,0.19348360688122385,6.0
0,0,S,2021-04-26,2.0,2021042604203.0,3.0,D,FL,247995.0,250.0,STRAIGHT EIGHT,WORRIE ANDRE SHIVNARINE,2.0,2,122.0,-1,0.18640392804207206,0.19002644632823043,0.19560820388444913,0.20023699109302714,2.0
0,0,S,2021-04-26,2.0,2021042604203.0,3.0,D,FL,263673.0,-999.0,SLEEPY JOE,GOMEZ O,3.0,3,122.0,-1,0.19348361485049473,0.19688978501279256,0.20238140342080596,0.20700821426706778,-999.0
0,0,S,2021-04-26,2.0,2021042604203.0,3.0,D,FL,258996.0,31.0,A HUGE CHECKPOINT,CRUZ JOEL,4.0,4,122.0,-1,0.1965799986476643,0.1999598983501979,0.2054705083686293,0.2023814012711429,2.0
0,0,S,2021-04-26,2.0,2021042604203.0,3.0,D,FL,246505.0,44.0,BUSTIN BIEBER,FLORES JEREMIAS,5.0,5,122.0,-1,0.20487398320372957,0.20824990959276404,0.19995989488353413,0.1968897795080228,5.0
-1,0,S,2021-04-26,2.0,2021042604204.0,4.0,D,FL,257103.0,132.0,UHAVETOBEKITTENME,SONE Y,1.0,1,122.0,-1,0.22719110836554252,0.2197029875045659,0.19141842787696892,0.18810331842920885,1.0
-1,0,S,2021-04-26,2.0,2021042604204.0,4.0,D,FL,251902.0,38.0,WHAT'S MY CATEGORY,PIERMARINI T,2.0,2,122.0,-1,0.21970301859137598,0.2215122563271219,0.19323352899537957,0.1899316208294806,8.0
-1,0,S,2021-04-26,2.0,2021042604204.0,4.0,D,FL,261462.0,17.0,RESILIENT KINDAGUY,DAVILA M A JR,3.0,3,122.0,-1,0.1914187069718312,0.19323378339516595,0.21196591001329207,0.20858936046837193,1.0
-1,0,S,2021-04-26,2.0,2021042604204.0,4.0,D,FL,255403.0,181.0,HOLY COWBOY,ALVARADO N R,4.0,4,122.0,-1,0.1881036352062392,0.18993191381111885,0.2085894076143395,0.21358772712149507,1.0
-1,0,S,2021-04-26,2.0,2021042604204.0,4.0,D,FL,258769.0,23.0,WAR OF THRONES,DAVILA J R JR,5.0,5,122.0,-1,0.17358474706732505,0.1756201465602991,0.19479261637272205,0.19978765798473536,2.0
0,0,C,2021-04-26,2.0,2021042604205.0,5.0,D,FL,224534.0,38.0,HARTS N FLOWERS,PEREZ L E,1.0,1,122.0,-1,0.16416816426891725,0.15973276297036723,0.1426698602817372,0.1421840859207967,12.0
0,0,C,2021-04-26,2.0,2021042604205.0,5.0,D,FL,235925.0,180.0,MODERN STEEL,DAVILA M A JR,2.0,2,122.0,-1,0.13338894281322114,0.13413430164420925,0.14089161557889132,0.1412538557304674,9.0
0,0,C,2021-04-26,2.0,2021042604205.0,5.0,D,FL,230903.0,12.0,MRS. PHELPS,HERNANDEZ HARRY,3.0,3,122.0,-1,0.14218409326744547,0.14289058832410648,0.1496562509404064,0.15002569929343199,11.0
0,0,C,2021-04-26,2.0,2021042604205.0,5.0,D,FL,211905.0,19.0,TRACI'S GIRL,IGNACIO RODOLFO,4.0,4,122.0,-1,0.15973276379123152,0.1604193461672596,0.14337522703799235,0.14289058167526567,28.0
0,0,C,2021-04-26,2.0,2021042604205.0,5.0,D,FL,219604.0,80.0,TRULY FUNNY,GOMEZ O,5.0,5,122.0,-1,0.14266986736704185,0.14337523342152392,0.1501464277331055,0.14965625063993548,22.0
0,0,C,2021-04-26,2.0,2021042604205.0,5.0,D,FL,238302.0,243.0,MAQUA DAWN,PIERMARINI T,6.0,6,122.0,-1,0.12767601184999722,0.12849563648889928,0.13549212165999694,0.1358590416745463,6.0
0,0,C,2021-04-26,2.0,2021042604205.0,5.0,D,FL,239721.0,180.0,HELMERS RUN,DAVIS JACQUELINE A,7.0,7,122.0,-1,0.13018022465246654,0.13095219424784152,0.13776851889422148,0.1381305053240686,9.0
-1,0,M,2021-04-26,2.0,2021042604206.0,6.0,D,FL,244761.0,45.0,MIZZYS IMAGE,FLORES JEREMIAS,1.0,1,124.0,-1,0.12511758372159185,0.12606062881771093,0.11821684154362877,0.11209588028640038,6.0
-1,0,M,2021-04-26,2.0,2021042604206.0,6.0,D,FL,252122.0,221.0,MIMA'S MIRACLE,DAVILA M A JR,2.0,2,124.0,-1,0.11073609299438832,0.11175160754871107,0.11394981829692225,0.11702534701474625,1.0
-1,0,M,2021-04-26,2.0,2021042604206.0,6.0,D,FL,259165.0,52.0,LOVELEE HONOR,SONE Y,3.0,3,124.0,-1,0.11724038611893642,0.1182168410142194,0.12043470108602983,0.11429417592988984,3.0
-1,0,M,2021-04-26,2.0,2021042604206.0,6.0,D,FL,212829.0,18.0,J C THE DESTROYER,IGNACIO RODOLFO,4.0,4,124.0,-1,0.09997889412126844,0.10115010267393873,0.10341732058290268,0.10646970380487802,28.0
-1,0,M,2021-04-26,2.0,2021042604206.0,6.0,D,FL,250364.0,45.0,DELAWARE DESTINY,DAVILA J R JR,5.0,5,120.0,-1,0.1337652246308308,0.1251175840673833,0.11724038696799394,0.11108331761011302,7.0
-1,0,M,2021-04-26,2.0,2021042604206.0,6.0,D,FL,260036.0,71.0,MY LITTLE PRETTY,PEREZ L E,6.0,6,120.0,-1,0.0992562004234479,0.10044818676225671,0.10273154899439196,0.10579364591857242,0.0
-1,0,M,2021-04-26,2.0,2021042604206.0,6.0,D,FL,249807.0,259.0,D'BELLA,DE DIEGO EMANUEL,7.0,7,124.0,-1,0.09834028071593645,0.09958516597458426,0.10191857618132197,0.10502191524811738,1.0
-1,0,M,2021-04-26,2.0,2021042604206.0,6.0,D,FL,251062.0,70.0,YES YOUR HONOR,DAVIS JACQUELINE A,8.0,8,124.0,-1,0.11108331639225578,0.11209587936724492,0.1142941755045515,0.11737271562097754,5.0
-1,0,M,2021-04-26,2.0,2021042604206.0,6.0,D,FL,252211.0,187.0,KATIES COURAGE,WORRIE ANDRE SHIVNARINE,9.0,9,120.0,-1,0.10448201336262353,0.10557399894190331,0.10779663035815322,0.11084330167921265,1.0
0,0,A,2021-04-26,2.0,2021042604207.0,7.0,D,FL,217749.0,62.0,STABILIZE,DAVILA J R JR,1.0,1,122.0,-1,0.18824732471900843,0.18864926533205728,0.16808721780197627,0.16001478519345147,15.0
0,0,A,2021-04-26,2.0,2021042604207.0,7.0,D,FL,204548.0,94.0,SWEET SHALLOTS,BAEZ JOSE,3.0,3,122.0,-1,0.1676788039661118,0.16808727699348233,0.1784242066344962,0.17021792332663888,32.0
0,0,A,2021-04-26,2.0,2021042604207.0,7.0,D,FL,225737.0,24.0,SNIFF,DAVIS JACQUELINE A,4.0,4,122.0,-1,0.19037926635642916,0.18824732183557438,0.1676787423500688,0.1595980574023147,17.0
0,0,A,2021-04-26,2.0,2021042604207.0,7.0,D,FL,180060.0,202.0,CLARA'S GONE WEST,ALVARADO N R,5.0,5,122.0,-1,0.14843157705696022,0.14887524024598853,0.1590972471437772,0.16715238249150668,26.0
0,0,A,2021-04-26,2.0,2021042604207.0,7.0,D,FL,209277.0,189.0,CHILLINWITHFRIENDS,DAVILA M A JR,6.0,6,122.0,-1,0.14566535028450242,0.14612647844622886,0.1564947643173316,0.1645962057068608,15.0
0,0,A,2021-04-26,2.0,2021042604207.0,7.0,D,FL,206506.0,181.0,RISKY ANALYSIS,PEREZ L E,7.0,7,122.0,-1,0.1595981505624024,0.1600148761458,0.17021796013660578,0.17842058699248922,16.0
0,0,C,2021-04-26,2.0,2021042604208.0,8.0,D,FL,202687.0,180.0,BOLD LITTLE BABY,DE DIEGO EMANUEL,1.0,1,124.0,-1,0.12842414053866436,0.1301735858462804,0.13114001993198818,0.1257297489237917,25.0
0,0,C,2021-04-26,2.0,2021042604208.0,8.0,D,FL,184337.0,269.0,PRANK CALL,HERNANDEZ HARRY,2.0,2,124.0,-1,0.1166627687867097,0.11863922008121777,0.11962521393994116,0.12290419228471022,28.0
0,0,C,2021-04-26,2.0,2021042604208.0,8.0,D,FL,159002.0,52.0,HOLY MOSEY,DAVIS JACQUELINE A,3.0,3,124.0,-1,0.12297992249624684,0.12477177338505929,0.12572974698973924,0.12899438442844974,44.0
0,0,C,2021-04-26,2.0,2021042604208.0,8.0,D,FL,126896.0,188.0,PASSION POLICE,IGNACIO RODOLFO,4.0,4,124.0,-1,0.1191066742707263,0.12095128309844845,0.12190955446006556,0.1251431703642467,46.0
0,0,C,2021-04-26,2.0,2021042604208.0,8.0,D,FL,165625.0,182.0,GONNA BE MORGAN,ALVARADO N R,5.0,5,124.0,-1,0.11769095211429043,0.11958725049209719,0.12055468286616491,0.12379830569321858,38.0
0,0,C,2021-04-26,2.0,2021042604208.0,8.0,D,FL,219780.0,129.0,SHE'S NOT BLUFFING,CAMILO CARLOS D,6.0,6,124.0,-1,0.11965254754011159,0.1214858810543414,0.12244303770105404,0.1256784957951581,24.0
0,0,C,2021-04-26,2.0,2021042604208.0,8.0,D,FL,210877.0,11.0,CAT LAK,PEREZ L E,7.0,7,124.0,-1,0.14415555509371336,0.1313274083871148,0.12842414292498303,0.12297992667315652,24.0
0,0,C,2021-04-26,2.0,2021042604208.0,8.0,D,FL,218811.0,182.0,PEGGY SUE,AYALA ADDIEL J,8.0,8,124.0,-1,0.13132740665843254,0.1330635778134282,0.1301735865516121,0.1247717759804382,19.0
-1,0,M,2021-04-26,4.0,2021042606801.0,1.0,D,IND,260488.0,53.0,ALPINE GHOST,ESQUIVEL EMMANUEL,1.0,1,120.0,-1,0.1618334690242414,0.1748997445249213,0.17124170135558922,0.16721119441475318,0.0
-1,0,M,2021-04-26,4.0,2021042606801.0,1.0,D,IND,242476.0,28.0,HOLY CROSS,MOJICA O,2.0,2,124.0,-1,0.15402495963863644,0.16721110267415906,0.16902614945636169,0.17309488686398886,4.0
-1,0,M,2021-04-26,4.0,2021042606801.0,1.0,D,IND,263674.0,-999.0,SMOOTH ENDEAVOR,GOTAY JEISON,3.0,3,110.0,-1,0.1462251624301976,0.16048954965004095,0.16235545918434663,0.16644902533617098,-999.0
-1,0,M,2021-04-26,4.0,2021042606801.0,1.0,D,IND,261580.0,16.0,KING ZION,BURKE JULIE,4.0,4,120.0,-1,0.15816641742584972,0.1712416609102668,0.1730675694540512,0.16902620227072723,1.0
-1,0,M,2021-04-26,4.0,2021042606801.0,1.0,D,IND,249229.0,40.0,SONIC BURN,CANUTO THIAGO,5.0,5,114.0,-1,0.15091367083727383,0.1643240049772131,0.16614242845693042,0.17019371238739045,9.0
-1,0,M,2021-04-26,4.0,2021042606801.0,1.0,D,IND,257928.0,25.0,CONTACT TRACING,BRIDGMOHAN JERMAINE MARLO,6.0,6,120.0,-1,0.2288331008461102,0.1618340546856904,0.15816702717378794,0.15402560154806447,4.0
0,0,A,2021-04-26,4.0,2021042606802.0,2.0,D,IND,256154.0,58.0,GHOSTLIGHTER,CANNON DECLAN,1.0,1,120.0,-1,0.17584261544956842,0.17591154594084288,0.16932485114717405,0.164549238436515,3.0
0,0,A,2021-04-26,4.0,2021042606802.0,2.0,D,IND,260755.0,30.0,PADDY'S HOUSE,PRESCOTT R,2.0,2,120.0,-1,0.16447896246980107,0.16454932330490685,0.1677764701418049,0.17252309189543696,1.0
0,0,A,2021-04-26,4.0,2021042606802.0,2.0,D,IND,254854.0,24.0,COMMANDEER,CASTANON J L,3.0,3,122.0,-1,0.16925552772413166,0.1693248893280268,0.17257548847915144,0.1677764214406621,4.0
0,0,A,2021-04-26,4.0,2021042606802.0,2.0,D,IND,246214.0,12.0,NIAGARA CHARLIE,PARKER D L,4.0,4,120.0,-1,0.17620865133926092,0.1758426144912495,0.16925548863649917,0.16447887674131065,4.0
0,0,A,2021-04-26,4.0,2021042606802.0,2.0,D,IND,249636.0,100.0,GOOD FIRST,DE LA CRUZ FERNANDO,5.0,5,120.0,-1,0.16348900436638553,0.16355986682026816,0.1667889579518617,0.17152858023422388,5.0
0,0,A,2021-04-26,4.0,2021042606802.0,2.0,D,IND,260759.0,51.0,PATS PROPERTY,PEDROZA MARCELINO,6.0,6,120.0,-1,0.15072597288266512,0.15081248928467922,0.15427926338601342,0.1591440413644467,0.0
-1,0,AO,2021-04-26,3.0,2021042606803.0,3.0,D,IND,153095.0,160.0,JE SUIS BELLE,PRESCOTT R,1.0,1,124.0,-1,0.14364678949307957,0.14700407513835217,0.15584964587669772,0.16417885387468,59.0
-1,0,AO,2021-04-26,3.0,2021042606803.0,3.0,D,IND,232057.0,30.0,BLOOD CURDLING,PARKER D L,2.0,2,124.0,-1,0.1964773973720513,0.18195583115501654,0.16500924572341688,0.15681656191412535,8.0
-1,0,AO,2021-04-26,3.0,2021042606803.0,3.0,D,IND,241514.0,52.0,MYEERAH,FRANKLIN MALCOM,3.0,3,124.0,-1,0.18195587829541693,0.18469232374431388,0.1677779604783575,0.15963986341430042,3.0
-1,0,AO,2021-04-26,3.0,2021042606803.0,3.0,D,IND,237299.0,39.0,AUBERGE,PEDROZA MARCELINO,4.0,4,124.0,-1,0.15681678264930007,0.1596400467646428,0.16794095834537495,0.17606956660628548,3.0
-1,0,AO,2021-04-26,3.0,2021042606803.0,3.0,D,IND,169304.0,52.0,SUGARSUGARSUGAR,ESQUIVEL EMMANUEL,5.0,5,124.0,-1,0.16500939661825217,0.1677780704377978,0.17618847146583888,0.16794087552738118,48.0
-1,0,AO,2021-04-26,3.0,2021042606803.0,3.0,D,IND,185159.0,201.0,EVER WONDER,PEREZ E E,6.0,6,121.0,-1,0.1560948874774723,0.15893054827753272,0.16723401522605583,0.17535412441570325,18.0
0,-1,C,2021-04-26,4.0,2021042606804.0,4.0,D,IND,238156.0,45.0,MOONLIGHT DANCING,CASTANON J L,2.0,2,124.0,-1,0.2175675544483288,0.21336347187739135,0.2012495865425732,0.18510580412638863,10.0
0,-1,C,2021-04-26,4.0,2021042606804.0,4.0,D,IND,248708.0,39.0,CROWELLA,ULLOA ANDRES PATRICIO,4.0,4,121.0,-1,0.18510586889162103,0.18617166412456732,0.19417927762666404,0.21843571178361426,4.0
0,-1,C,2021-04-26,4.0,2021042606804.0,4.0,D,IND,213737.0,12.0,OXBOWINDY,WISEMAN ISAIAH,5.0,5,119.0,-1,0.1827136538874089,0.18380071854880006,0.19184744332096984,0.21610748579831507,22.0
0,-1,C,2021-04-26,4.0,2021042606804.0,4.0,D,IND,213427.0,32.0,RHODA'S JEWELL,RAMOS JOSEPH D,6.0,6,124.0,-1,0.21336347481436585,0.21438766396209474,0.20227660989940105,0.18617160154910722,31.0
0,-1,C,2021-04-26,4.0,2021042606804.0,4.0,D,IND,207198.0,22.0,SPECIAL CONQUEST,BATISTA JOSE A,7.0,7,124.0,-1,0.201249609334401,0.20227663002317808,0.2104471383419951,0.19417923167790488,42.0
0,0,CO,2021-04-26,4.0,2021042606805.0,5.0,D,IND,167987.0,159.0,BOLD PROPHET,MOJICA O,1.0,1,124.0,-1,0.1241256108664157,0.1274533449401071,0.1292966342414328,0.13328828201556947,33.0
0,0,CO,2021-04-26,4.0,2021042606805.0,5.0,D,IND,196701.0,39.0,MALIGATOR,FRANKLIN MALCOM,2.0,2,124.0,-1,0.13600288219454015,0.13862480576050296,0.1402948098375961,0.14410977807694453,38.0
0,0,CO,2021-04-26,4.0,2021042606805.0,5.0,D,IND,191998.0,29.0,KILLEEN,BRIDGMOHAN JERMAINE MARLO,3.0,3,124.0,-1,0.13377233269658467,0.13646443781047618,0.1381456119266649,0.1419595409729489,31.0
0,0,CO,2021-04-26,4.0,2021042606805.0,5.0,D,IND,210164.0,38.0,INCLUSIVE,BATISTA JOSE A,4.0,4,124.0,-1,0.1466489876845314,0.14913361566092123,0.15081776602175348,0.14566331072274116,17.0
0,0,CO,2021-04-26,4.0,2021042606805.0,5.0,D,IND,175205.0,39.0,GLADTOBEHERE,RAMOS JOSEPH D,5.0,5,124.0,-1,0.15093266466770097,0.1533990629728634,0.14913359035030505,0.14399288805638136,39.0
0,0,CO,2021-04-26,4.0,2021042606805.0,5.0,D,IND,231729.0,23.0,RAYO DE LUZ,POMPELL T L,6.0,6,124.0,-1,0.16705713626552057,0.15093261588813806,0.14664891540047695,0.14146141005023943,13.0
0,0,CO,2021-04-26,4.0,2021042606805.0,5.0,D,IND,180381.0,19.0,STAY HOME,PARKER D L,7.0,7,124.0,-1,0.14146152800322925,0.1439929615834096,0.14566336038108005,0.14952516382534461,51.0
-1,-1,A,2021-04-26,2.0,2021042606806.0,6.0,D,IND,223282.0,158.0,BETCHA,PEDROZA MARCELINO,1.0,1,121.0,-1,0.17839149770565915,0.15115291888040344,0.13827808669415995,0.13713222572873143,14.0
-1,-1,A,2021-04-26,2.0,2021042606806.0,6.0,D,IND,227257.0,23.0,MISTY EXPRESS,DE LA CRUZ FERNANDO,2.0,2,121.0,-1,0.1371321881404582,0.14153041982576173,0.1465981437090805,0.14745018303244994,12.0
-1,-1,A,2021-04-26,2.0,2021042606806.0,6.0,D,IND,246605.0,194.0,AZURITA,ESQUIVEL EMMANUEL,3.0,3,124.0,-1,0.13827805036584356,0.14266186598292308,0.14773932035093432,0.14659814537782948,4.0
-1,-1,A,2021-04-26,2.0,2021042606806.0,6.0,D,IND,247420.0,175.0,SERENA BECK,SANJUR SANTO,4.0,4,124.0,-1,0.13625100807933102,0.14067232872904673,0.14574022943543838,0.146590694638549,5.0
-1,-1,A,2021-04-26,2.0,2021042606806.0,6.0,D,IND,238951.0,186.0,NUTCRACKER BALLET,RAMOS JOSEPH D,5.0,5,124.0,-1,0.13099105590624127,0.13567606711855956,0.14082564407050902,0.14167633405457516,6.0
-1,-1,A,2021-04-26,2.0,2021042606806.0,6.0,D,IND,206051.0,16.0,FIRST SQUADRON,BATISTA JOSE A,6.0,6,121.0,-1,0.15115289624985673,0.15546981697836137,0.1426618821036769,0.1415304374297249,25.0
-1,-1,A,2021-04-26,2.0,2021042606806.0,6.0,D,IND,208690.0,167.0,BEENTHEREDONETHAT,MORALES EDGAR,7.0,7,124.0,-1,0.12780307037289082,0.13283649107706075,0.1381567090143882,0.13902200584340577,13.0
-1,0,S,2021-04-26,4.0,2021042606807.0,7.0,D,IND,249281.0,12.0,HENRY RULES,PRESCOTT R,1.0,1,120.0,-1,0.14154616828834765,0.14226965339725353,0.11475889424535757,0.1115855909716348,7.0
-1,0,S,2021-04-26,4.0,2021042606807.0,7.0,D,IND,263675.0,-999.0,PALMER'S PASS,BERMUDEZ SAMUEL E,2.0,2,120.0,-1,0.0930110600234622,0.0940448566635437,0.10234914665977848,0.10398455059650404,-999.0
-1,0,S,2021-04-26,4.0,2021042606807.0,7.0,D,IND,252164.0,12.0,ROYAL ICING,MORALES EDGAR,3.0,3,120.0,-1,0.14854531948761343,0.1415462218109332,0.11395243575973514,0.11076687051659384,6.0
-1,0,S,2021-04-26,4.0,2021042606807.0,7.0,D,IND,255408.0,166.0,BOOK OF ROMEO,RAMOS JOSEPH D,4.0,4,120.0,-1,0.1139520346028822,0.11475853364286882,0.12257781890417915,0.11936316669002309,2.0
-1,0,S,2021-04-26,4.0,2021042606807.0,7.0,D,IND,253650.0,173.0,STRONG STYLE,AYALA ISAIAS,5.0,5,115.0,-1,0.09941741403143643,0.10030077354219988,0.1080397739969334,0.10961396418212785,1.0
-1,0,S,2021-04-26,4.0,2021042606807.0,7.0,D,IND,248802.0,12.0,COUGARTOWN BLUES,GOTAY JEISON,6.0,6,114.0,-1,0.11076642853773276,0.11158518791941897,0.1193631106149929,0.12098845331479822,3.0
-1,0,S,2021-04-26,4.0,2021042606807.0,7.0,D,IND,253649.0,12.0,UNRAVELED,PARKER D L,7.0,7,120.0,-1,0.100585888516256,0.10146004316511543,0.10918983436829577,0.11076725630537007,2.0
-1,0,S,2021-04-26,4.0,2021042606807.0,7.0,D,IND,256785.0,166.0,COWBOYS CAN'T CRY,ACHARD ALEX,8.0,8,120.0,-1,0.09539446207226235,0.09633806033810619,0.10425557263146379,0.10584112007313713,0.0
-1,0,S,2021-04-26,4.0,2021042606807.0,7.0,D,IND,262962.0,12.0,CIELO BLU,PEDROZA MARCELINO,9.0,9,120.0,-1,0.09677710527761894,0.09769289097135543,0.10551246470207601,0.10708850206498471,0.0
-1,0,A,2021-04-26,1.0,2021042606808.0,8.0,D,IND,231158.0,158.0,EL HURACAN ETHICS,RUIZ JOSE M,1.0,1,128.0,-1,0.11249739030893327,0.11425626976485972,0.1167923150169236,0.11923684659260443,11.0
-1,0,A,2021-04-26,1.0,2021042606808.0,8.0,D,IND,246070.0,158.0,WRS FAMOUS MOLLY,MENDEZ SAMUEL,2.0,2,126.0,-1,0.14530451424207633,0.13494654875587284,0.12778660489049246,0.12381626572151033,3.0
-1,0,A,2021-04-26,1.0,2021042606808.0,8.0,D,IND,229153.0,159.0,FINE AND FAMOUS V,ESQUEDA ERIK N,3.0,3,128.0,-1,0.1161038982910637,0.11765317513367456,0.12004189894150041,0.12240404583904181,7.0
-1,0,A,2021-04-26,1.0,2021042606808.0,8.0,D,IND,246618.0,184.0,JULIAS DAZZLE,MARTINEZ LUZ DANIEL,4.0,4,126.0,-1,0.1204305845524359,0.12187212186456584,0.1242078629496191,0.12655830583804908,5.0
-1,0,A,2021-04-26,1.0,2021042606808.0,8.0,D,IND,246773.0,165.0,HF OMAHA OMAHA,RODRIGUEZ GERMAN,5.0,5,128.0,-1,0.11911429118617241,0.12057757962657462,0.12291996254313171,0.12526730267214073,7.0
-1,0,A,2021-04-26,1.0,2021042606808.0,8.0,D,IND,225766.0,202.0,KATAPULT,VAZQUEZ-GOMEZ GIOVANI,6.0,6,128.0,-1,0.12381627797059698,0.1252236539469581,0.12756102361559576,0.1299325980696734,9.0
-1,0,A,2021-04-26,1.0,2021042606808.0,8.0,D,IND,232537.0,184.0,RELENTLESS CHICK,RODRIGUEZ ANTONIO,7.0,7,128.0,-1,0.12778661329966823,0.1291690579500767,0.13152133940675792,0.12756101939037343,7.0
-1,0,A,2021-04-26,1.0,2021042606808.0,8.0,D,IND,246624.0,158.0,JESS UNVEILED,RAMIREZ MARCIAL,8.0,8,126.0,-1,0.1349465524438792,0.13630168953745453,0.12916905298003806,0.1252236449809257,4.0
0,0,A,2021-04-26,1.0,2021042606809.0,9.0,D,IND,248721.0,158.0,AA STORM THE MOZOOMO,MARTINEZ LUZ DANIEL,1.0,1,126.0,-1,0.12859195073066354,0.1296129985193511,0.12993036882801443,0.13037785505405514,4.0
0,0,A,2021-04-26,1.0,2021042606809.0,9.0,D,IND,246842.0,130.0,KK FIRST PROSPECT,DIAZ EDGAR,2.0,2,126.0,-1,0.11609886211174497,0.11730665582805483,0.11763630217073567,0.11808060876488133,4.0
0,0,A,2021-04-26,1.0,2021042606809.0,9.0,D,IND,248716.0,165.0,ONCE A CAPO,RODRIGUEZ GERMAN,3.0,3,126.0,-1,0.1293418909255519,0.1303588551367666,0.13067656401351957,0.12993036437057653,4.0
0,0,A,2021-04-26,1.0,2021042606809.0,9.0,D,IND,246147.0,181.0,NOBILITI,ESQUEDA ERIK N,4.0,4,126.0,-1,0.12670219245220402,0.12773973710385542,0.12805718977314803,0.12850253567897008,4.0
0,0,A,2021-04-26,1.0,2021042606809.0,9.0,D,IND,180408.0,1067.0,ONE FAMOUS FLASH,ESQUEDA CESAR G,5.0,5,128.0,-1,0.1115321966431471,0.11294856868677765,0.11330390795262522,0.11376688470321683,5.0
0,0,A,2021-04-26,1.0,2021042606809.0,9.0,D,IND,247667.0,205.0,LOTAS HERO,MENDEZ SAMUEL,6.0,6,126.0,-1,0.13817533302212423,0.13032377474217774,0.12934187364881822,0.12859192914258136,4.0
0,0,A,2021-04-26,1.0,2021042606809.0,9.0,D,IND,246223.0,179.0,HF FILLITTOTHE BRIM,VAZQUEZ-GOMEZ GIOVANI,7.0,7,126.0,-1,0.11923447789666351,0.12037241698432814,0.12069551020716329,0.12113736802180157,5.0
0,0,A,2021-04-26,1.0,2021042606809.0,9.0,D,IND,246221.0,158.0,HH CALLIEFORYAKROME,BELTRAN JOSE A,8.0,8,126.0,-1,0.13032378867036867,0.13133758607703902,0.130358851656131,0.1296129906120802,6.0
-1,0,C,2021-04-26,4.0,2021042608501.0,1.0,D,MNR,180165.0,40.0,MISS HOLIDAY,MUSARRO JOE,1.0,1,123.0,-1,0.1277820489868604,0.13192613430480957,0.13724992520537624,0.15313435738417447,43.0
-1,0,C,2021-04-26,4.0,2021042608501.0,1.0,D,MNR,214025.0,30.0,STARR DESIGNER,JOURNET JARRED,2.0,2,123.0,-1,0.15201994410967978,0.15587663123282752,0.16141799392573378,0.14014347728022206,19.0
-1,0,C,2021-04-26,4.0,2021042608501.0,1.0,D,MNR,211972.0,45.0,CHARITABLE ROSE,RODRIGUEZ GUILLERMO,3.0,3,123.0,-1,0.16562653495937707,0.16940382640688234,0.1558767430257151,0.13481104950930833,33.0
-1,0,C,2021-04-26,4.0,2021042608501.0,1.0,D,MNR,144320.0,127.0,FOR MY MOM,TUNON JORDANO,4.0,4,123.0,-1,0.11575193937368221,0.12042422200203635,0.12592847787009445,0.14186600414927467,40.0
-1,0,C,2021-04-26,4.0,2021042608501.0,1.0,D,MNR,218680.0,35.0,CANDY FOR ALL,OLIVEROS CHARLE,5.0,5,123.0,-1,0.1307251561318946,0.13481071802484657,0.14014323319295705,0.15613573926851,24.0
-1,0,C,2021-04-26,4.0,2021042608501.0,1.0,D,MNR,205729.0,30.0,MISS HEART,FLORES ADRIAN,6.0,6,123.0,-1,0.19069886443775982,0.16562664583755804,0.15202015490595971,0.13072556508419117,26.0
-1,0,C,2021-04-26,4.0,2021042608501.0,1.0,D,MNR,174225.0,133.0,ESTRELA CADENTE,ORTIZ WILKIN,7.0,7,123.0,-1,0.11739325749045641,0.1219301593374459,0.1273624416867653,0.14318430998176604,30.0
-1,0,C,2021-04-26,3.0,2021042608502.0,2.0,D,MNR,190824.0,21.0,REDMARK,ORTIZ WILKIN,1.0,1,120.0,-1,0.16657001815881925,0.16983432967530027,0.15024373977395564,0.13380078465664713,47.0
-1,0,C,2021-04-26,3.0,2021042608502.0,2.0,D,MNR,219685.0,19.0,ZIGGY BARCELONA,LAGUNES GABRIEL,2.0,2,123.0,-1,0.1468897849174476,0.1502434751640622,0.15823892545002927,0.1415536344528778,10.0
-1,0,C,2021-04-26,3.0,2021042608502.0,2.0,D,MNR,215152.0,194.0,ECHO ALPHA SIX,OLIVEROS CHARLE,3.0,3,120.0,-1,0.12144986912097266,0.1251889981782078,0.13302505543199533,0.14539943992363105,14.0
-1,0,C,2021-04-26,3.0,2021042608502.0,2.0,D,MNR,225618.0,16.0,COPPER GIDEON,YARANGA Y,4.0,4,120.0,-1,0.11984370970510846,0.12370243962522995,0.1316502401415107,0.14412399194242367,9.0
-1,0,C,2021-04-26,3.0,2021042608502.0,2.0,D,MNR,255183.0,50.0,YEUDIEL,CCAMAQUE M,5.0,5,120.0,-1,0.13030342975205159,0.13380026086852645,0.14155332961908823,0.15403287444067545,7.0
-1,0,C,2021-04-26,3.0,2021042608502.0,2.0,D,MNR,237107.0,6.0,COMMISSARIO,HERNANDEZ LUCIANO,6.0,6,120.0,-1,0.18783249515431036,0.16657017345271274,0.14689018056697214,0.13030406133400502,23.0
-1,0,C,2021-04-26,3.0,2021042608502.0,2.0,D,MNR,221524.0,85.0,DONEGAL ACES,FLORES ADRIAN,7.0,7,120.0,-1,0.1271072900517225,0.13065775563363552,0.1383975397433705,0.15078615227356285,12.0
-1,0,S,2021-04-26,3.0,2021042608503.0,3.0,D,MNR,249518.0,161.0,SHES A THREAT,OLIVEROS CHARLE,1.0,1,116.0,-1,0.14097934844257276,0.14331960567813828,0.17042161860718147,0.1766746947710448,1.0
-1,0,S,2021-04-26,3.0,2021042608503.0,3.0,D,MNR,248251.0,52.0,MONGOLIAN ANGEL,LEON JOSE A,2.0,2,123.0,-1,0.15169999416365948,0.15397452423900718,0.18138539910937582,0.17489894837427558,5.0
-1,0,S,2021-04-26,3.0,2021042608503.0,3.0,D,MNR,252162.0,125.0,SWAMP WITCH HADDY,MUSARRO JOE,3.0,3,123.0,-1,0.14550924348208422,0.1478028540002476,0.17489855169385976,0.18119184538125385,4.0
-1,0,S,2021-04-26,3.0,2021042608503.0,3.0,D,MNR,239029.0,26.0,HURRICANE DIRECTOR,ORTIZ WILKIN,4.0,4,123.0,-1,0.20628925417698435,0.20852791740109058,0.15397722443595926,0.1478057811984198,13.0
-1,0,S,2021-04-26,3.0,2021042608503.0,3.0,D,MNR,258393.0,40.0,SWEET TASSA,MAYTA ODHAIR J,5.0,5,123.0,-1,0.21787019111372943,0.20628958164674324,0.15170289529033026,0.14551235624619852,4.0
-1,0,S,2021-04-26,3.0,2021042608503.0,3.0,D,MNR,258634.0,98.0,KARLA'S DREAM,RODRIGUEZ LUIS RAMON,6.0,6,123.0,-1,0.13763897029356725,0.14007389582200247,0.1676179026683297,0.17392193298991163,1.0
0,0,C,2021-04-26,3.0,2021042608504.0,4.0,D,MNR,186950.0,56.0,MY CLAW,VIGIL NOEL,1.0,1,120.0,-1,0.16100283506563998,0.1588405405520924,0.14652960291486594,0.1402928092697172,16.0
0,0,C,2021-04-26,3.0,2021042608504.0,4.0,D,MNR,232887.0,82.0,MS KELA TIME,RODRIGUEZ GUILLERMO,2.0,2,120.0,-1,0.14652961229002842,0.1468709459569387,0.1517948027173507,0.1455131178912919,12.0
0,0,C,2021-04-26,3.0,2021042608504.0,4.0,D,MNR,244754.0,40.0,DELICATE CHRISTY,OLIVEROS CHARLE,3.0,3,120.0,-1,0.15884054128097366,0.15917471501461178,0.14687093723389288,0.14064143806431859,13.0
0,0,C,2021-04-26,3.0,2021042608504.0,4.0,D,MNR,239768.0,160.0,EOWYN,LAGUNES GABRIEL,4.0,4,120.0,-1,0.13008354194818544,0.1304640025050834,0.13539419665960722,0.1400531203374933,8.0
0,0,C,2021-04-26,3.0,2021042608504.0,4.0,D,MNR,232087.0,32.0,CHARLIE'S BELLE,LEON JOSE A,5.0,5,120.0,-1,0.12830997739344618,0.12870731496518603,0.1337298008712423,0.13843413745467886,23.0
0,0,C,2021-04-26,3.0,2021042608504.0,4.0,D,MNR,237876.0,35.0,SAY YES SALLY,HERNANDEZ LUIS O,6.0,6,120.0,-1,0.14029282491963999,0.14064145310776152,0.14551312481342293,0.150233972638584,8.0
0,0,C,2021-04-26,3.0,2021042608504.0,4.0,D,MNR,237699.0,12.0,CASCABELL QUEEN,ORTIZ WILKIN,7.0,7,120.0,-1,0.13494077996274695,0.1353011364872347,0.14016758808922272,0.1448314132888344,19.0
-1,0,S,2021-04-26,3.0,2021042608505.0,5.0,D,MNR,263677.0,-999.0,VEGAS PRINCESS,CCAMAQUE M,1.0,1,116.0,-1,0.13829042212585954,0.15080351739343054,0.15311528674676475,0.15025187485068925,-999.0
-1,0,S,2021-04-26,3.0,2021042608505.0,5.0,D,MNR,258949.0,60.0,PUNCH WINDSOR,FLORES ADRIAN,2.0,2,116.0,-1,0.12495771765338759,0.1381961934746467,0.14049726559695802,0.14263525006784,2.0
-1,0,S,2021-04-26,3.0,2021042608505.0,5.0,D,MNR,258256.0,18.0,VINTAGE SPARKLE,JOURNET JARRED,3.0,3,116.0,-1,0.2243168170072741,0.144179686093479,0.1382919835478978,0.13534814248022312,4.0
-1,0,S,2021-04-26,3.0,2021042608505.0,5.0,D,MNR,263678.0,-999.0,MEGAN MACHEN,YARANGA Y,4.0,4,123.0,-1,0.12029058134528038,0.1340617288074487,0.13639024476145714,0.13852580482176974,-999.0
-1,0,S,2021-04-26,3.0,2021042608505.0,5.0,D,MNR,260175.0,61.0,MERCEDES MACHEN,RODRIGUEZ GUILLERMO,5.0,5,116.0,-1,0.13534653391963655,0.14795013639878568,0.15025178562231026,0.15243731110468112,0.0
-1,0,S,2021-04-26,3.0,2021042608505.0,5.0,D,MNR,239457.0,9.0,LILBITSOFDRAMA,HERNANDEZ LUCIANO,6.0,6,123.0,-1,0.1441781977805431,0.1566348190111384,0.1508036633936158,0.1479503674980836,14.0
-1,0,S,2021-04-26,3.0,2021042608505.0,5.0,D,MNR,258951.0,60.0,JUBA'S LADY,MONSERRATE JORGE A JR,7.0,7,116.0,-1,0.11260931950194868,0.1281727197625718,0.13064943114737526,0.1328514350376877,2.0
0,0,C,2021-04-26,3.0,2021042608506.0,6.0,D,MNR,217505.0,101.0,HE'S ZIPPIN ON BY,RODRIGUEZ LUIS RAMON,1.0,1,120.0,-1,0.15347943007268586,0.15364918875235473,0.16779386566242876,0.17117551838308628,23.0
0,0,C,2021-04-26,3.0,2021042608506.0,6.0,D,MNR,164877.0,134.0,TEN TWENTY NINE,RODRIGUEZ GUILLERMO,2.0,2,120.0,-1,0.15784723742589818,0.15801267671674551,0.17213547004611432,0.17553891427781287,52.0
0,0,C,2021-04-26,3.0,2021042608506.0,6.0,D,MNR,163310.0,132.0,GIFTED JUSTICE,OLIVEROS CHARLE,3.0,3,120.0,-1,0.14702617750604266,0.14721236745650748,0.16185808205776264,0.16529020336366662,40.0
0,0,C,2021-04-26,3.0,2021042608506.0,6.0,D,MNR,177122.0,10.0,CHATTERMAN,LEON JOSE A,4.0,4,123.0,-1,0.1906333276680224,0.18978662871176794,0.16122724460989088,0.1578472277894006,40.0
0,0,C,2021-04-26,3.0,2021042608506.0,6.0,D,MNR,214010.0,40.0,PUNALUU,VIGIL NOEL,5.0,5,120.0,-1,0.18978662882838218,0.1899477635943693,0.16139142041798246,0.15801266716723875,27.0
0,0,C,2021-04-26,3.0,2021042608506.0,6.0,D,MNR,185866.0,72.0,SELLING OUT,HERNANDEZ LUCIANO,6.0,6,120.0,-1,0.16122725263119358,0.16139142834828632,0.17559392672158555,0.1721354681013302,58.0
0,0,A,2021-04-26,3.0,2021042608507.0,7.0,D,MNR,249861.0,16.0,LIGHTNING JACK,YARANGA Y,1.0,1,120.0,-1,0.18127918626839562,0.1743843563455068,0.17255974366799473,0.16754187756401626,14.0
0,0,A,2021-04-26,3.0,2021042608507.0,7.0,D,MNR,256174.0,76.0,JUST U AND ME KID,HERNANDEZ LUCIANO,2.0,2,116.0,-1,0.1725597664048284,0.17386070661306438,0.17476978875493832,0.16976576024041226,4.0
0,0,A,2021-04-26,3.0,2021042608507.0,7.0,D,MNR,238950.0,12.0,AUTOPILOT,OLIVEROS CHARLE,3.0,3,120.0,-1,0.1743843708127687,0.1756830734549112,0.17386069812863308,0.16886321433720988,12.0
0,0,A,2021-04-26,3.0,2021042608507.0,7.0,D,MNR,228144.0,317.0,CHALLAH,RODRIGUEZ GUILLERMO,4.0,4,120.0,-1,0.14999400133788665,0.15152827421341483,0.15245643759052527,0.1574519773379193,6.0
0,0,A,2021-04-26,3.0,2021042608507.0,7.0,D,MNR,258830.0,14.0,MR. TRIPLEDOUBLE,VIGIL NOEL,5.0,5,116.0,-1,0.16754194204610265,0.16886326531861956,0.16976580320970944,0.17483312659667286,6.0
0,0,A,2021-04-26,3.0,2021042608507.0,7.0,D,MNR,246211.0,152.0,INSOFAR,MAYTA ODHAIR J,6.0,6,116.0,-1,0.15424137630644175,0.15568089037985458,0.15658804976631394,0.16154433056125372,6.0
0,0,A,2021-04-26,2.0,2021042608508.0,8.0,D,MNR,206420.0,15.0,STRONG WILL,MAYTA ODHAIR J,1.0,1,120.0,-1,0.15367334786030207,0.1538807625952665,0.15755845971710308,0.1370953974220292,14.0
0,0,A,2021-04-26,2.0,2021042608508.0,8.0,D,MNR,167171.0,182.0,SHADOW TRACER,JOURNET JARRED,2.0,2,120.0,-1,0.12578933686969562,0.12603444135113787,0.12968551135982662,0.14506537211751108,39.0
0,0,A,2021-04-26,2.0,2021042608508.0,8.0,D,MNR,188809.0,19.0,MON CAMO,RODRIGUEZ LUIS RAMON,3.0,3,120.0,-1,0.1333309102571569,0.13355230484048444,0.13709537786741324,0.1523607871812878,41.0
0,0,A,2021-04-26,2.0,2021042608508.0,8.0,D,MNR,217462.0,115.0,SHY GUY,FLORES ADRIAN,4.0,4,120.0,-1,0.12753223468288852,0.12776752807049122,0.13135672203550036,0.14659258669986064,15.0
0,0,A,2021-04-26,2.0,2021042608508.0,8.0,D,MNR,243109.0,15.0,TO THE FRONT,RODRIGUEZ GUILLERMO,5.0,5,120.0,-1,0.1626768080344904,0.16288075815214845,0.15388076841198578,0.13355232893803454,16.0
0,0,A,2021-04-26,2.0,2021042608508.0,8.0,D,MNR,202504.0,19.0,SMILING ANGELO,VIGIL NOEL,6.0,6,120.0,-1,0.1640117897760214,0.16267680843335167,0.15367335404596705,0.13333093464166879,14.0
0,0,A,2021-04-26,2.0,2021042608508.0,8.0,D,MNR,193028.0,16.0,FAIRWEATHER FRIEND,HERNANDEZ LUCIANO,7.0,7,120.0,-1,0.13298545663669453,0.13320728292139936,0.1367497275728789,0.15200264461402552,30.0
0,0,C,2021-04-26,2.0,2021042608509.0,9.0,D,MNR,81153.0,82.0,ANTEROS,FOX CHRIS,1.0,1,123.0,-1,0.1186968474024633,0.12249011126806318,0.125228160735813,0.12574703305761287,58.0
0,0,C,2021-04-26,2.0,2021042608509.0,9.0,D,MNR,180122.0,140.0,CUSTOM INFINITY,ORTIZ WILKIN,2.0,2,123.0,-1,0.1283105110663132,0.13185976966230245,0.13460003579670227,0.13513175883483206,54.0
0,0,C,2021-04-26,2.0,2021042608509.0,9.0,D,MNR,193891.0,37.0,PEQUENO GRANDE,HOLBROOK LOGAN,3.0,3,123.0,-1,0.13774313833829252,0.14119475081782956,0.13273252802165875,0.13185959504697475,52.0
0,0,C,2021-04-26,2.0,2021042608509.0,9.0,D,MNR,124370.0,139.0,MISTER EUROPA,BENDEZU ROJAS ALEXANDER,4.0,4,123.0,-1,0.1084785505680536,0.11277309609985063,0.11560637626871405,0.11612460010233618,53.0
0,0,C,2021-04-26,2.0,2021042608509.0,9.0,D,MNR,154696.0,13.0,HE'S SPECIAL,OLIVEROS CHARLE,5.0,5,123.0,-1,0.11272164349369243,0.11674465077937292,0.11951284450012872,0.12002793309321418,65.0
0,0,C,2021-04-26,2.0,2021042608509.0,9.0,D,MNR,193847.0,116.0,QUALIFLY,RODRIGUEZ GUILLERMO,6.0,6,123.0,-1,0.16579281697134304,0.13774286129115468,0.12919747882699778,0.1283100830764379,45.0
0,0,C,2021-04-26,2.0,2021042608509.0,9.0,D,MNR,144371.0,153.0,YENISEY,RODRIGUEZ LUIS RAMON,7.0,7,123.0,-1,0.0990644751175402,0.1044661736093506,0.10764927762659637,0.1082019071929305,27.0
0,0,C,2021-04-26,2.0,2021042608509.0,9.0,D,MNR,104187.0,44.0,BALOTELLI,VIGIL NOEL,8.0,8,123.0,-1,0.12919788614383163,0.1327326795133509,0.1354763818271461,0.13460001117550902,68.0
-1,-1,CO,2021-04-26,4.0,2021042610301.0,1.0,D,PRX,210278.0,20.0,SHOOBIEDOOBYDOO,RODRIGUEZ JAMIE,1.0,1,123.0,-1,0.1812766729076794,0.17426453381023452,0.1707924668671319,0.16161444959586932,16.0
-1,-1,CO,2021-04-26,4.0,2021042610301.0,1.0,D,PRX,234534.0,33.0,CURRENT SITUATION,SANCHEZ MYCHEL J,2.0,2,123.0,-1,0.17079247433820222,0.17213736822871337,0.17387506003417535,0.1647079996062944,11.0
-1,-1,CO,2021-04-26,4.0,2021042610301.0,1.0,D,PRX,233173.0,20.0,LADY FOX,ADORNO ABNER,3.0,3,123.0,-1,0.1742645374377353,0.17560544986230314,0.17213736428203405,0.1629946154739673,18.0
-1,-1,CO,2021-04-26,4.0,2021042610301.0,1.0,D,PRX,248263.0,48.0,BELONGS TO BABE,HADDOCK DEXTER,4.0,4,123.0,-1,0.161614474347499,0.16299463704406658,0.1647080176267936,0.17385679313982177,6.0
-1,-1,CO,2021-04-26,4.0,2021042610301.0,1.0,D,PRX,236624.0,21.0,PRESTO CHANGE O,FLORES LAUREANO JR,5.0,5,119.0,-1,0.15888340337113915,0.16028857616481204,0.16200405696767112,0.1711139433592445,9.0
-1,-1,CO,2021-04-26,4.0,2021042610301.0,1.0,D,PRX,259464.0,35.0,BORDERLINE GENIUS,PENNINGTON F,6.0,6,123.0,-1,0.153168556414178,0.1547095339847945,0.1564831115919363,0.1657121725029509,2.0
0,0,C,2021-04-26,3.0,2021042610302.0,2.0,D,PRX,219179.0,21.0,CAPE MAY STYLE,MILAN GERARDO,1.0,1,123.0,-1,0.1555964068069938,0.15676528066299247,0.15815450872284312,0.16496536642702905,32.0
0,0,C,2021-04-26,3.0,2021042610302.0,2.0,D,PRX,189294.0,30.0,SWIPING DAN,OCASIO JONATHAN,2.0,2,116.0,-1,0.16374429490729425,0.1648254607570578,0.16619118863387275,0.17302643345431562,34.0
0,0,C,2021-04-26,3.0,2021042610302.0,2.0,D,PRX,227829.0,13.0,THE MINIT I SEE U,LAPRIDA JEREMY,3.0,3,123.0,-1,0.17880387779580761,0.17331321732100305,0.17055993979053366,0.16374428654780446,23.0
0,0,C,2021-04-26,3.0,2021042610302.0,2.0,D,PRX,206649.0,17.0,BOZZINI,SILVERA RUBEN,4.0,4,123.0,-1,0.17055994235309568,0.17162000577956374,0.17299987779614553,0.1661911826463879,22.0
0,0,C,2021-04-26,3.0,2021042610302.0,2.0,D,PRX,216151.0,19.0,LOVERBOY LOU,CASTILLO A,5.0,5,123.0,-1,0.1733132185425334,0.17437081887456687,0.17162000441067127,0.16482545350407993,14.0
0,0,C,2021-04-26,3.0,2021042610302.0,2.0,D,PRX,247340.0,13.0,TOMASCO,CARRERO V,6.0,6,123.0,-1,0.1579823050584873,0.15910525534370518,0.16047451177314573,0.16724727416357862,15.0
0,-1,C,2021-04-26,4.0,2021042610303.0,3.0,D,PRX,216844.0,28.0,DANCE FOR ORO,PENNINGTON F,1.0,1,123.0,-1,0.17613418108530954,0.17673529714028627,0.16675798363821215,0.16603877210393211,22.0
0,-1,C,2021-04-26,4.0,2021042610303.0,3.0,D,PRX,234345.0,34.0,BARINGER SPRING,SANCHEZ MYCHEL J,2.0,2,123.0,-1,0.17923732936910997,0.17613418068494704,0.16615233255803713,0.16543189708322611,16.0
0,-1,C,2021-04-26,4.0,2021042610303.0,3.0,D,PRX,216634.0,19.0,NOBIZ LIKE JETBIZ,OCASIO LUIS M,3.0,3,123.0,-1,0.16615233579301866,0.16675798650593587,0.17173758110837206,0.17101294182994262,26.0
0,-1,C,2021-04-26,4.0,2021042610303.0,3.0,D,PRX,173885.0,36.0,JAMMINWITHBRANDON,SILVERA RUBEN,4.0,4,123.0,-1,0.16543190062573265,0.16603877528201902,0.1710129421623424,0.1717406401515316,31.0
0,-1,C,2021-04-26,4.0,2021042610303.0,3.0,D,PRX,230765.0,34.0,KID MACHO,BOWMAN ADAM,5.0,5,123.0,-1,0.15627955362009832,0.15692693937541347,0.16193714578903545,0.16265586075186814,15.0
0,-1,C,2021-04-26,4.0,2021042610303.0,3.0,D,PRX,248900.0,56.0,BIG CITY RALPH,HADDOCK DEXTER,6.0,6,123.0,-1,0.1567647260204031,0.15740684535782754,0.16240202269233653,0.1631198941727002,10.0
0,0,M,2021-04-26,4.0,2021042610304.0,4.0,D,PRX,253714.0,13.0,IMMINENT DANGER,BOWMAN ADAM,1.0,1,121.0,-1,0.1926457200273939,0.17827536773422054,0.1713726914056372,0.15952590706369654,5.0
0,0,M,2021-04-26,4.0,2021042610304.0,4.0,D,PRX,258406.0,14.0,DIGGING FOR GOLD,GONZALEZ JORGE LUIS,2.0,2,121.0,-1,0.15784274051697586,0.16063000524257381,0.16399100417271617,0.17567283478522747,1.0
0,0,M,2021-04-26,4.0,2021042610304.0,4.0,D,PRX,261495.0,38.0,ONE TWO KID,SILVERA RUBEN,3.0,3,121.0,-1,0.15952665727194013,0.16228413459075405,0.16564272257496984,0.17735421144456648,0.0
0,0,M,2021-04-26,4.0,2021042610304.0,4.0,D,PRX,261361.0,21.0,CHARLIES SAFARI,NUNEZ ANTHONY Y,4.0,4,121.0,-1,0.17827553262560802,0.18092868515380278,0.17404246946881285,0.16228352151486972,1.0
0,0,M,2021-04-26,4.0,2021042610304.0,4.0,D,PRX,263679.0,-999.0,HE RUNS THE LINE,HADDOCK DEXTER,5.0,5,121.0,-1,0.14034087260636022,0.14384287994086778,0.1474913290755878,0.15952159338968216,-999.0
0,0,M,2021-04-26,4.0,2021042610304.0,4.0,D,PRX,258934.0,14.0,HORSE BE WITH YOU,RIVERA LUIS D,7.0,7,121.0,-1,0.1713730103985804,0.1740426324548543,0.17746264956251587,0.1656422519303558,2.0
0,0,CO,2021-04-26,4.0,2021042610305.0,5.0,D,PRX,244395.0,33.0,FOXBOROUGH,HADDOCK DEXTER,1.0,1,118.0,-1,0.13773657844428985,0.138261013544805,0.13900901872413463,0.1453358680467851,7.0
0,0,CO,2021-04-26,4.0,2021042610305.0,5.0,D,PRX,238229.0,73.0,PAINT MUSIC FOR ME,RODRIGUEZ JAMIE,2.0,2,123.0,-1,0.15414825334315624,0.15096253029193912,0.14905892887558997,0.1405331069555304,7.0
0,0,CO,2021-04-26,4.0,2021042610305.0,5.0,D,PRX,236243.0,47.0,STAY HYDRATED,MILAN GERARDO,3.0,3,123.0,-1,0.15096253217849234,0.1514593491635922,0.14955752105804618,0.14104785663279684,14.0
0,0,CO,2021-04-26,4.0,2021042610305.0,5.0,D,PRX,238306.0,35.0,LIAR SIDE CHAT,ROSADO R J,4.0,4,123.0,-1,0.13668856179489067,0.13722008629321703,0.1379705354068933,0.1442969591131609,4.0
0,0,CO,2021-04-26,4.0,2021042610305.0,5.0,D,PRX,212214.0,35.0,PETER G. FOX,BOWMAN ADAM,5.0,5,123.0,-1,0.13087217177403898,0.13149176808848081,0.13229159061974768,0.13882618999966706,22.0
0,0,CO,2021-04-26,4.0,2021042610305.0,5.0,D,PRX,240831.0,13.0,JUDICIAL RESTRAINT,FLORES LAUREANO JR,6.0,6,116.0,-1,0.1490589331883015,0.1495575235161883,0.1503163979914328,0.14179612151914667,7.0
0,0,CO,2021-04-26,4.0,2021042610305.0,5.0,D,PRX,256354.0,33.0,POLPIS,SANCHEZ MYCHEL J,7.0,7,118.0,-1,0.14053312938852205,0.14104787738530541,0.14179614005117283,0.14816390674949423,5.0
-1,-1,M,2021-04-26,4.0,2021042610306.0,6.0,D,PRX,230358.0,14.0,MYSTICAL CHARGE,MILAN GERARDO,1.0,1,126.0,-1,0.1502100713074969,0.15249842739208141,0.142543286190206,0.14214184977731334,12.0
-1,-1,M,2021-04-26,4.0,2021042610306.0,6.0,D,PRX,256687.0,26.0,THRILLING BABY,SILVERA RUBEN,2.0,2,121.0,-1,0.1339846081377362,0.13643953915840062,0.14045356900847084,0.14075570583861083,1.0
-1,-1,M,2021-04-26,4.0,2021042610306.0,6.0,D,PRX,257899.0,13.0,TALE OF KITTEN,CASTILLO A,3.0,3,121.0,-1,0.16440571949309607,0.15021007436575132,0.14022413340698076,0.13981974303742845,3.0
-1,-1,M,2021-04-26,4.0,2021042610306.0,6.0,D,PRX,257223.0,20.0,SPEIGHTSTER'S GOLD,ROSADO R J,4.0,4,124.0,-1,0.1398197363521997,0.14214184587504372,0.14611248129193405,0.14641617335840046,2.0
-1,-1,M,2021-04-26,4.0,2021042610306.0,6.0,D,PRX,231179.0,24.0,RISQUE'S JEWEL,SANCHEZ MYCHEL J,5.0,5,126.0,-1,0.13402245660996723,0.1364748851407383,0.14048713773187227,0.14078920506107573,20.0
-1,-1,M,2021-04-26,4.0,2021042610306.0,6.0,D,PRX,255007.0,14.0,TUDOX RUE MAJESTIC,TORRES JOMAR,6.0,6,126.0,-1,0.13733323722059884,0.13969192120721638,0.14366278603688803,0.14396484345628666,3.0
-1,-1,M,2021-04-26,4.0,2021042610306.0,6.0,D,PRX,248031.0,14.0,NEON CITY,OCASIO JONATHAN,7.0,7,122.0,-1,0.14022412688251693,0.14254328245999442,0.14651660710760656,0.14611248147959705,7.0
0,0,C,2021-04-26,4.0,2021042610307.0,7.0,D,PRX,221043.0,26.0,SUPERHIGHWAY,MILAN GERARDO,1.0,1,123.0,-1,0.11967812246821972,0.11661108066833344,0.11565771262570758,0.11513652308385323,11.0
0,0,C,2021-04-26,4.0,2021042610307.0,7.0,D,PRX,216359.0,12.0,HEART OF A DREAMER,OCASIO LUIS M,2.0,2,123.0,-1,0.10582340424031281,0.10622068835171743,0.10649207865175028,0.10674940320798133,15.0
0,0,C,2021-04-26,4.0,2021042610307.0,7.0,D,PRX,218164.0,21.0,KNOKKE BY THE SEA,ADORNO ABNER,3.0,3,123.0,-1,0.11661108184547128,0.11695861688476311,0.11600681830691222,0.11548689587461605,28.0
0,0,C,2021-04-26,4.0,2021042610307.0,7.0,D,PRX,215767.0,7.0,INCLUNATION,NUNEZ ANTHONY Y,5.0,5,123.0,-1,0.11565771454079936,0.1160068190567465,0.11627262840729805,0.11575253594070767,21.0
0,0,C,2021-04-26,4.0,2021042610307.0,7.0,D,PRX,211507.0,12.0,BILL'S MAFIA,CASTILLO A,6.0,6,123.0,-1,0.10545737328612113,0.10585909437578905,0.10613164985253351,0.10638944611069602,56.0
0,0,C,2021-04-26,4.0,2021042610307.0,7.0,D,PRX,215476.0,21.0,DRUMMOND,RIVERA LUIS D,7.0,7,123.0,-1,0.11011954376176725,0.11048711790263925,0.11075293296245578,0.11100996498663371,15.0
0,0,C,2021-04-26,4.0,2021042610307.0,7.0,D,PRX,242500.0,16.0,MIDNIGHT WHISKEY,LAPRIDA JEREMY,8.0,8,123.0,-1,0.11513652566779348,0.11548689730062982,0.11575253662181084,0.11601332792554661,11.0
0,0,C,2021-04-26,4.0,2021042610307.0,7.0,D,PRX,218271.0,21.0,MY AMANJENA,RODRIGUEZ JAMIE,9.0,9,123.0,-1,0.10934941464164333,0.10972077481415381,0.10998703163260702,0.11024375509182834,30.0
0,0,C,2021-04-26,4.0,2021042610307.0,7.0,D,PRX,223555.0,20.0,GENERAL,SILVERA RUBEN,10.0,10,126.0,-1,0.10216694540580797,0.1026490269094325,0.10294672106015743,0.10321825230708806,12.0
-1,-1,C,2021-04-26,4.0,2021042610308.0,8.0,D,PRX,215308.0,21.0,JAMMIN JIMTOWN,RIVERA LUIS D,1.0,1,123.0,-1,0.13575308911595893,0.13728315399784902,0.1393959413430075,0.14466243000375695,19.0
-1,-1,C,2021-04-26,4.0,2021042610308.0,8.0,D,PRX,169468.0,7.0,MUCHO MAS GRANDE,HADDOCK DEXTER,2.0,2,123.0,-1,0.15978562663764237,0.16114383839677388,0.15568336695250842,0.14858027136482246,43.0
-1,-1,C,2021-04-26,4.0,2021042610308.0,8.0,D,PRX,213945.0,21.0,DUBROVSKY,MARIANO ABEL,3.0,3,123.0,-1,0.12408262408673729,0.12580842170987946,0.12797745890798,0.13320665845121135,29.0
-1,-1,C,2021-04-26,4.0,2021042610308.0,8.0,D,PRX,173914.0,12.0,DIAMOND SQUARE,BOWMAN ADAM,4.0,4,123.0,-1,0.10954971394381831,0.11173931709185977,0.11414008320058697,0.11960834958632681,63.0
-1,-1,C,2021-04-26,4.0,2021042610308.0,8.0,D,PRX,174259.0,21.0,SIGHT LINE,GONZALEZ JORGE LUIS,5.0,5,123.0,-1,0.1471649840679451,0.14858186804835086,0.1506968130738743,0.15610015665721688,58.0
-1,-1,C,2021-04-26,4.0,2021042610308.0,8.0,D,PRX,186869.0,19.0,MIAMI TIGER,FLORES LAUREANO JR,6.0,6,116.0,-1,0.15430878768643144,0.15568388286057805,0.15782134383211247,0.15069569304093836,42.0
-1,-1,C,2021-04-26,4.0,2021042610308.0,8.0,D,PRX,87119.0,21.0,SALSA'S RETURN,SILVERA RUBEN,7.0,7,126.0,-1,0.16938326821304464,0.15978516562203796,0.15430783112289626,0.1471629780126725,71.0
0,-1,R,2021-04-26,4.0,2021042610309.0,9.0,D,PRX,241682.0,19.0,FRIED RICE KING,BOWMAN ADAM,1.0,1,123.0,-1,0.10210703375956677,0.10263255389137331,0.10338156096819306,0.10371800969925081,14.0
0,-1,R,2021-04-26,4.0,2021042610309.0,9.0,D,PRX,246032.0,55.0,HUMOR CONTROLLER,SANCHEZ MYCHEL J,2.0,2,123.0,-1,0.09385737570186038,0.09447100638280488,0.09525092113132608,0.09558765885499095,8.0
0,-1,R,2021-04-26,4.0,2021042610309.0,9.0,D,PRX,185082.0,21.0,PETULANT DELIGHT,HADDOCK DEXTER,3.0,3,123.0,-1,0.10245443792533324,0.10297791391507358,0.1037267877482015,0.10406357562783627,27.0
0,-1,R,2021-04-26,4.0,2021042610309.0,9.0,D,PRX,166195.0,19.0,BORSA VENTO,LAPRIDA JEREMY,4.0,4,123.0,-1,0.11143532780232698,0.10632036071405798,0.10324369196202077,0.1024544362908992,54.0
0,-1,R,2021-04-26,4.0,2021042610309.0,9.0,D,PRX,169809.0,40.0,SHEER FLATTERY,SILVERA RUBEN,5.0,5,123.0,-1,0.10632036134331818,0.10683053011477031,0.10376375982513163,0.10297791288176648,44.0
0,-1,R,2021-04-26,4.0,2021042610309.0,9.0,D,PRX,148320.0,91.0,IN EQUALITY,CASTILLO A,6.0,6,123.0,-1,0.09388399259112233,0.09449696889823599,0.09527652445957262,0.09561318323157789,50.0
0,-1,R,2021-04-26,4.0,2021042610309.0,9.0,D,PRX,214795.0,27.0,FLAT OUT FLASHY,PENNINGTON F,7.0,7,123.0,-1,0.09755721188235823,0.09811836242885703,0.09887532489414746,0.09920919922958729,31.0
0,-1,R,2021-04-26,4.0,2021042610309.0,9.0,D,PRX,228369.0,21.0,IYWAAN,RODRIGUEZ JAMIE,8.0,8,123.0,-1,0.09656626631154341,0.09713799597760277,0.09789866786134087,0.09823257596181721,23.0
0,-1,R,2021-04-26,4.0,2021042610309.0,9.0,D,PRX,225723.0,21.0,MIDNIGHT ACT,ADORNO ABNER,9.0,9,123.0,-1,0.10324369331250302,0.10376376056828776,0.104513196341867,0.10372678745027135,33.0
0,-1,R,2021-04-26,4.0,2021042610309.0,9.0,D,PRX,234808.0,40.0,GRAY GARY,FLORES LAUREANO JR,10.0,10,116.0,-1,0.09257434283853375,0.09325058493497469,0.0940695958051661,0.09441668902958075,17.0
0,-1,C,2021-04-26,3.0,2021042610310.0,10.0,D,PRX,206872.0,13.0,SUNRISE SATURDAY,CORREA JULIO,1.0,1,123.0,-1,0.11609360685979661,0.11681331951297094,0.1173132584824316,0.11741706716813283,47.0
0,-1,C,2021-04-26,3.0,2021042610310.0,10.0,D,PRX,186001.0,19.0,NICO BREE N TEEJ,LAPRIDA JEREMY,2.0,2,123.0,-1,0.1336561286267113,0.12940810314812112,0.12799582578426455,0.12782675481133918,37.0
0,-1,C,2021-04-26,3.0,2021042610310.0,10.0,D,PRX,131100.0,24.0,COLORADO GRANDSLAM,OCASIO JONATHAN,3.0,3,116.0,-1,0.1251553424211963,0.1257362762071544,0.12619791652116988,0.12629855743866802,60.0
0,-1,C,2021-04-26,3.0,2021042610310.0,10.0,D,PRX,121735.0,12.0,ASK CHUCK,CASTILLO A,4.0,4,123.0,-1,0.12799582800411308,0.12856361925706666,0.1290253014855036,0.12885661231323434,60.0
0,-1,C,2021-04-26,3.0,2021042610310.0,10.0,D,PRX,189809.0,12.0,POWERFUL VENEZUELA,RIVERA LUIS D,5.0,5,123.0,-1,0.1294081044741439,0.12997347410068216,0.12856361834474034,0.12839504465895438,32.0
0,-1,C,2021-04-26,3.0,2021042610310.0,10.0,D,PRX,191464.0,20.0,TRUSTING FRIEND,HERNANDEZ JANN N,6.0,6,123.0,-1,0.11935147427190172,0.11998189196894049,0.12045242537445093,0.12055281553955774,40.0
0,-1,C,2021-04-26,3.0,2021042610310.0,10.0,D,PRX,195071.0,21.0,A J'S WAY,FLORES LAUREANO JR,9.0,9,116.0,-1,0.12051284357463005,0.12112834571745201,0.12159511040453798,0.12169526076436224,52.0
0,-1,C,2021-04-26,3.0,2021042610310.0,10.0,D,PRX,145573.0,19.0,DROSSELMAGIC,GONZALEZ JORGE LUIS,10.0,10,123.0,-1,0.12782675721119874,0.12839504575384106,0.12885661249765148,0.12895795483477718,72.0
0,0,S,2021-04-26,3.0,2021042612501.0,1.0,D,TDN,232566.0,26.0,DISCREET ENERGY,BERRIOS HECTOR,1.0,1,123.0,-1,0.1293660984462198,0.13031761193682628,0.1336292447236524,0.14629449435176614,10.0
0,0,S,2021-04-26,3.0,2021042612501.0,1.0,D,TDN,263680.0,-999.0,ST PATTY'S SONG,CORREA YARMARIE L,2.0,2,119.0,-1,0.13413799160422982,0.13504180260453535,0.1383149134135817,0.15099388701039326,-999.0
0,0,S,2021-04-26,3.0,2021042612501.0,1.0,D,TDN,263681.0,-999.0,ZAMGO'S TANGO,HALDAR DAVID J,3.0,3,119.0,-1,0.13127356444856697,0.13219176479719566,0.13546033967773022,0.14805291378232913,-999.0
0,0,S,2021-04-26,3.0,2021042612501.0,1.0,D,TDN,263682.0,-999.0,OUT MY DEAR,BRACHO JOSE A,4.0,4,119.0,-1,0.15097756088263473,0.15183512393306056,0.15520957837926408,0.13831496998898213,-999.0
0,0,S,2021-04-26,3.0,2021042612501.0,1.0,D,TDN,251290.0,19.0,AUGMENTING ASSETS,GONZALEZ L A,5.0,5,119.0,-1,0.13036932504843815,0.13129674701686733,0.1345729758122143,0.14716395184519862,3.0
0,0,S,2021-04-26,3.0,2021042612501.0,1.0,D,TDN,263683.0,-999.0,MINI TAKEOVER,BARBARAN ERIK,6.0,6,119.0,-1,0.16463963203707263,0.1592354662247553,0.1509775846234215,0.13413806756395186,-999.0
0,0,S,2021-04-26,3.0,2021042612501.0,1.0,D,TDN,242845.0,19.0,HIGHLY EXPLOSIVE,RIVERA L R,7.0,7,123.0,-1,0.15923546054192544,0.160081149634512,0.15183514238997098,0.13504187425666406,13.0
0,0,C,2021-04-26,3.0,2021042612502.0,2.0,D,TDN,193580.0,16.0,LAS ANA,HALDAR DAVID J,1.0,1,119.0,-1,0.10976740491022306,0.11020235860332268,0.11269061536095593,0.11353745571983462,55.0
0,0,C,2021-04-26,3.0,2021042612502.0,2.0,D,TDN,208573.0,30.0,FELON,BRACHO JOSE A,2.0,2,119.0,-1,0.1087896467352966,0.10923013596558473,0.11172349594152442,0.11256916390219739,28.0
0,0,C,2021-04-26,3.0,2021042612502.0,2.0,D,TDN,259200.0,16.0,PUTIN MY TWO CENTS,BAEZ JAN M,3.0,3,112.0,-1,0.09622907266342842,0.09687778575367052,0.099835981994261,0.10076027507059428,4.0
0,0,C,2021-04-26,3.0,2021042612502.0,2.0,D,TDN,251573.0,14.0,ISOLATOR,GONZALEZ SANTIAGO,4.0,4,119.0,-1,0.10452048604426156,0.10499679861144852,0.10754629607823955,0.10839477257219163,7.0
0,0,C,2021-04-26,3.0,2021042612502.0,2.0,D,TDN,231969.0,16.0,MIKE MIKE,SERPA ANGEL,5.0,5,119.0,-1,0.10163637119946674,0.10215100705136605,0.10477951682628431,0.10563952397411905,23.0
0,0,C,2021-04-26,3.0,2021042612502.0,2.0,D,TDN,179175.0,185.0,GENUWINE,RIVERA L R,6.0,6,114.0,-1,0.12378710319243844,0.12418704069853317,0.11514599391109033,0.11342280610409827,40.0
0,0,C,2021-04-26,3.0,2021042612502.0,2.0,D,TDN,236987.0,20.0,SAN RULER,SALAZAR BECERRA FERNANDO,7.0,7,119.0,-1,0.12754222915274055,0.12378709322036985,0.11472832718954243,0.11300043517176409,13.0
0,0,C,2021-04-26,3.0,2021042612502.0,2.0,D,TDN,195643.0,48.0,YESUS STAR,STANLEY A O,8.0,8,119.0,-1,0.11472838159797606,0.1151460392416364,0.11763971189252839,0.11591080732950378,43.0
0,0,C,2021-04-26,3.0,2021042612502.0,2.0,D,TDN,239290.0,30.0,PRETTY STORMY,CORREA YARMARIE L,9.0,9,119.0,-1,0.11300050166431101,0.11342286370803514,0.11591082056537737,0.11676541454797232,18.0
0,0,M,2021-04-26,3.0,2021042612503.0,3.0,D,TDN,259633.0,26.0,ALL ABOUT OPAL,STANLEY A O,1.0,1,119.0,-1,0.13016354258886254,0.13315784836152678,0.1352042174932853,0.14319056234393324,1.0
0,0,M,2021-04-26,3.0,2021042612503.0,3.0,D,TDN,258116.0,20.0,KITTEN'STINKINRICH,KEISER CHELSEY,2.0,2,119.0,-1,0.13498727646359182,0.13776850650125735,0.13976450954538602,0.14768901928121203,1.0
0,0,M,2021-04-26,3.0,2021042612503.0,3.0,D,TDN,253422.0,26.0,LEMON SLUSH,PAUCAR E,3.0,3,123.0,-1,0.1518182214949164,0.15446947953077464,0.1494358424275132,0.13888563219244618,6.0
0,0,M,2021-04-26,3.0,2021042612503.0,3.0,D,TDN,237661.0,19.0,MIZZEN SPOILS,SMITH DIOGDINABI,4.0,4,123.0,-1,0.1685700483963376,0.15181822836319903,0.14676432300125072,0.1361230109650746,11.0
0,0,M,2021-04-26,3.0,2021042612503.0,3.0,D,TDN,229407.0,200.0,LIEBCHEN,ALMEIDA MARCELLO,5.0,5,123.0,-1,0.1467643125809103,0.1494358385779965,0.15146896748957556,0.14088208088841353,9.0
0,0,M,2021-04-26,3.0,2021042612503.0,3.0,D,TDN,254803.0,26.0,CAROLINA'S THING,SALAZAR BECERRA FERNANDO,6.0,6,119.0,-1,0.13612298986492632,0.13888561694727877,0.14088206905326908,0.14882695038207153,3.0
0,0,M,2021-04-26,3.0,2021042612503.0,3.0,D,TDN,246059.0,19.0,COSTUME JEWELRY,REYES FRANK,7.0,7,119.0,-1,0.1315734933548498,0.13446440927724645,0.13648002290625386,0.14440277524130257,3.0
-1,0,C,2021-04-26,4.0,2021042612504.0,4.0,D,TDN,234864.0,20.0,TRUENO,RIVERA L R,1.0,1,119.0,-1,0.1350306864477916,0.1377841684197759,0.13143107414747698,0.12645334064370137,30.0
-1,0,C,2021-04-26,4.0,2021042612504.0,4.0,D,TDN,233684.0,42.0,DON'T MATTER,PILARES CHRISTIAN P,2.0,2,119.0,-1,0.11165726280025207,0.11492439051027549,0.11708033245217521,0.12007774087925005,16.0
-1,0,C,2021-04-26,4.0,2021042612504.0,4.0,D,TDN,218547.0,27.0,FLEET RUN,SALGADO ANTHONY,3.0,3,119.0,-1,0.11868067728400905,0.12163514703962364,0.12372548233283487,0.12670851976216463,20.0
-1,0,C,2021-04-26,4.0,2021042612504.0,4.0,D,TDN,227050.0,26.0,BUY IN,PAUCAR E,4.0,4,119.0,-1,0.11598080125939353,0.11901934058139044,0.12112081254477003,0.12409514522016336,15.0
-1,0,C,2021-04-26,4.0,2021042612504.0,4.0,D,TDN,217638.0,20.0,FAST FAIRY,BAEZ JAN M,5.0,5,114.0,-1,0.12359333934616758,0.1264533340274842,0.12854618098016848,0.13156805368826205,21.0
-1,0,C,2021-04-26,4.0,2021042612504.0,4.0,D,TDN,230848.0,9.0,IDOWHATIDO,HALDAR DAVID J,6.0,6,119.0,-1,0.1286317283695856,0.13143107081687702,0.13354060833238887,0.12854618444839236,17.0
-1,0,C,2021-04-26,4.0,2021042612504.0,4.0,D,TDN,243401.0,20.0,GATTO MARRONE,STANLEY A O,7.0,7,123.0,-1,0.11030898465476031,0.11372179713343547,0.11592373672214089,0.11895765421833106,15.0
-1,0,C,2021-04-26,4.0,2021042612504.0,4.0,D,TDN,239640.0,27.0,GUCCISSIMO,CORREA YARMARIE L,8.0,8,119.0,-1,0.15611641380239183,0.1350306932877573,0.12863173814507461,0.12359335207335409,26.0
0,0,C,2021-04-26,3.0,2021042612505.0,5.0,D,TDN,209764.0,23.0,SWEET CHELSEA,RIVERA L R,1.0,1,119.0,-1,0.15587054790900973,0.1484613250980818,0.14564495112754644,0.14280075986833168,28.0
0,0,C,2021-04-26,3.0,2021042612505.0,5.0,D,TDN,176893.0,23.0,EDGE OF HONOR,PAUCAR E,2.0,2,119.0,-1,0.1274683955092097,0.12905549119039697,0.1302937292672819,0.1325124323463865,44.0
0,0,C,2021-04-26,3.0,2021042612505.0,5.0,D,TDN,231543.0,13.0,MY PINK BABY BIRD,SALAZAR BECERRA FERNANDO,3.0,3,119.0,-1,0.14064634746983304,0.14182290020504137,0.14291746283005702,0.14501181000614333,16.0
0,0,C,2021-04-26,3.0,2021042612505.0,5.0,D,TDN,235081.0,44.0,BEACH BABE,HALDAR DAVID J,4.0,4,121.0,-1,0.1391086288001703,0.14030983624650484,0.14141014679452385,0.14350463897800708,15.0
0,0,C,2021-04-26,3.0,2021042612505.0,5.0,D,TDN,239699.0,23.0,MA KETTLE,STANLEY A O,5.0,5,119.0,-1,0.14564499176144236,0.14679082044465316,0.14789004277555312,0.14505366597962882,20.0
0,0,C,2021-04-26,3.0,2021042612505.0,5.0,D,TDN,190174.0,13.0,HIGH CUPPER,TAPARA BRANDON,6.0,6,119.0,-1,0.14846134850490822,0.1496011949991221,0.14679080263452288,0.14395932809687215,46.0
0,0,C,2021-04-26,3.0,2021042612505.0,5.0,D,TDN,246646.0,16.0,CONGRATS JENSEN,CORREA YARMARIE L,7.0,7,119.0,-1,0.14280082946968362,0.14395937556587587,0.1450536962101113,0.14715800377851865,9.0
-1,0,C,2021-04-26,4.0,2021042612506.0,6.0,D,TDN,210025.0,14.0,DINESEN,CORREA YARMARIE L,1.0,1,119.0,-1,0.16567265118602403,0.15209639395198923,0.14415567261895387,0.1368827936995507,33.0
-1,0,C,2021-04-26,4.0,2021042612506.0,6.0,D,TDN,215970.0,14.0,TROPICAL CYCLONE,HALDAR DAVID J,2.0,2,119.0,-1,0.14415567022262393,0.146329553803427,0.14949854354451475,0.14223704932116857,34.0
-1,0,C,2021-04-26,4.0,2021042612506.0,6.0,D,TDN,172531.0,33.0,BARRY'S SWING,SALAZAR BECERRA FERNANDO,3.0,3,119.0,-1,0.13061309767203108,0.13311278605565183,0.1363833171022803,0.1418984778350172,40.0
-1,0,C,2021-04-26,4.0,2021042612506.0,6.0,D,TDN,166017.0,9.0,IRISH PROUD,SERPA ANGEL,4.0,4,119.0,-1,0.13670375542128388,0.13893073013127427,0.142060398209765,0.14747330914800877,58.0
-1,0,C,2021-04-26,4.0,2021042612506.0,6.0,D,TDN,224045.0,23.0,SMASH,RIVERA L R,5.0,5,119.0,-1,0.1368827900648584,0.13910731815680752,0.14223704790873928,0.14765210662526862,18.0
-1,0,C,2021-04-26,4.0,2021042612506.0,6.0,D,TDN,194530.0,14.0,ECRU,BARBARAN ERIK,6.0,6,119.0,-1,0.15209639271656175,0.15424459795232645,0.1463295550473085,0.1391073207206468,36.0
-1,0,C,2021-04-26,4.0,2021042612506.0,6.0,D,TDN,234267.0,23.0,MIGHTY FAST,BERRIOS HECTOR,8.0,8,121.0,-1,0.13387562351449625,0.13617860854619687,0.13933546231002905,0.14474894887045983,17.0
-1,0,C,2021-04-26,2.0,2021042612507.0,7.0,D,TDN,207594.0,26.0,BOWMAN,HALDAR DAVID J,1.0,1,118.0,-1,0.16513230638073761,0.13483746151603312,0.12713350096869658,0.1267503076976645,30.0
-1,0,C,2021-04-26,2.0,2021042612507.0,7.0,D,TDN,218084.0,21.0,BIG TRIP,SALAZAR BECERRA FERNANDO,2.0,2,128.0,-1,0.12675024368463061,0.13077518838280147,0.13330235089936834,0.13353473497793228,24.0
-1,0,C,2021-04-26,2.0,2021042612507.0,7.0,D,TDN,120701.0,44.0,FOREST CHATTER,SERPA ANGEL,3.0,3,121.0,-1,0.11637201942581707,0.12067304648830662,0.12319553538026792,0.12342171934106025,44.0
-1,0,C,2021-04-26,2.0,2021042612507.0,7.0,D,TDN,182052.0,41.0,SHADOW SURPRISE,PILARES CHRISTIAN P,4.0,4,133.0,-1,0.10799030085571838,0.1129129504542041,0.11556606152903902,0.11579577877875895,28.0
-1,0,C,2021-04-26,2.0,2021042612507.0,7.0,D,TDN,188218.0,21.0,WIZARD WILLIE,KEISER CHELSEY,5.0,5,119.0,-1,0.12713343804442356,0.13115195116084802,0.1336805524735728,0.13330235224387485,50.0
-1,0,C,2021-04-26,2.0,2021042612507.0,7.0,D,TDN,209356.0,14.0,THE DUSTMAN,BERRIOS HECTOR,6.0,6,118.0,-1,0.1348374145234579,0.13878311056503015,0.13115197036592027,0.13077520885172034,14.0
-1,0,C,2021-04-26,2.0,2021042612507.0,7.0,D,TDN,188748.0,205.0,CUTLER,BAEZ JAN M,7.0,7,114.0,-1,0.11036524828111456,0.11494391589110332,0.11750353462901993,0.11772866285097647,24.0
-1,0,C,2021-04-26,2.0,2021042612507.0,7.0,D,TDN,173769.0,21.0,SUCCESSFUL ROMAN,RIVERA L R,9.0,9,113.0,-1,0.11141836582443841,0.1159220354331902,0.11846628888332936,0.11869103967782475,17.0
0,0,S,2021-04-26,3.0,2021042612508.0,8.0,D,TDN,257563.0,58.0,HAUGHTY PRAISE,GONZALEZ L A,1.0,1,119.0,-1,0.14175597023989808,0.14262363191938227,0.146159794100547,0.14441675119207426,4.0
0,0,S,2021-04-26,3.0,2021042612508.0,8.0,D,TDN,262490.0,20.0,I GOT HOPE,RIVERA L R,2.0,2,119.0,-1,0.1351992226995077,0.13614765721689176,0.139774207487626,0.14108691877606874,0.0
0,0,S,2021-04-26,3.0,2021042612508.0,8.0,D,TDN,257487.0,20.0,GLORIOUS GLITTER,SALAZAR BECERRA FERNANDO,3.0,3,119.0,-1,0.13965110597409183,0.14052595989749225,0.1440517587810522,0.14535153747082544,6.0
0,0,S,2021-04-26,3.0,2021042612508.0,8.0,D,TDN,257303.0,135.0,GETOUTOFTHEHAREM,SMITH DIOGDINABI,4.0,4,119.0,-1,0.1367506695184625,0.13765830844753646,0.14121788633632634,0.14251795782287566,1.0
0,0,S,2021-04-26,3.0,2021042612508.0,8.0,D,TDN,251287.0,237.0,RAINBOW SHIP,BERRIOS HECTOR,5.0,5,119.0,-1,0.14001827024394603,0.14089099057055648,0.14441675117445876,0.14571757405103572,1.0
0,0,S,2021-04-26,3.0,2021042612508.0,8.0,D,TDN,258314.0,19.0,ONE GLAMOROUS GAL,BRACHO JOSE A,6.0,6,119.0,-1,0.15597606366862612,0.15064869692982466,0.14175597039600854,0.1400182704152218,2.0
0,0,S,2021-04-26,3.0,2021042612508.0,8.0,D,TDN,240475.0,19.0,RONNI'S DAY,BARBARAN ERIK,7.0,7,123.0,-1,0.15064869689043803,0.15150475450987141,0.1426236320391598,0.14089099070606428,5.0
-1,0,C,2021-04-26,4.0,2021042613401.0,1.0,D,WRD,219445.0,19.0,KAY'S GRAY,HERRERA GUSTAVO,1.0,1,124.0,-1,0.14547865642915916,0.15504197553743587,0.16650725426240817,0.17483077561607627,16.0
-1,0,C,2021-04-26,4.0,2021042613401.0,1.0,D,WRD,230842.0,36.0,HAY HAY MY MY,SANCHEZ OBED,2.0,2,124.0,-1,0.158278151240424,0.16749854254145025,0.17910388676475603,0.17065019068648002,23.0
-1,0,C,2021-04-26,4.0,2021042613401.0,1.0,D,WRD,209418.0,12.0,T BRADY,ESQUILIN CARLOS,3.0,3,124.0,-1,0.13519333016997231,0.14593594076964636,0.15796135988407894,0.16645363598762394,13.0
-1,0,C,2021-04-26,4.0,2021042613401.0,1.0,D,WRD,206132.0,38.0,GOLOSO,TRIANA ALFREDO JR,4.0,4,124.0,-1,0.2296232698945425,0.1815839364832966,0.15827878500882034,0.1498403683289188,12.0
-1,0,C,2021-04-26,4.0,2021042613401.0,1.0,D,WRD,243092.0,21.0,ZYZACK,LANDEROS B C,5.0,5,124.0,-1,0.14983964749369028,0.15920042834957818,0.17065005304622125,0.1790250879152054,15.0
-1,0,C,2021-04-26,4.0,2021042613401.0,1.0,D,WRD,234941.0,20.0,ROSIE'S CITY BOY,MEDINA JOSE ANGEL,6.0,6,124.0,-1,0.18158353831868926,0.19073773972099245,0.16749884594900719,0.15920084513152816,8.0
-1,0,C,2021-04-26,3.0,2021042613402.0,2.0,D,WRD,242472.0,20.0,FLAT QUICK,LANDEROS B C,1.0,1,124.0,-1,0.12248385591465734,0.1313191586630521,0.13600917110778823,0.13748044964146175,11.0
-1,0,C,2021-04-26,3.0,2021042613402.0,2.0,D,WRD,229658.0,19.0,HALE'S ANGEL,MEDINA JOSE ANGEL,2.0,2,124.0,-1,0.1419471391687576,0.1499682137295678,0.15467236222964573,0.15267726633509937,6.0
-1,0,C,2021-04-26,3.0,2021042613402.0,2.0,D,WRD,186811.0,24.0,QUEEN LANA,SANCHEZ OBED,3.0,3,124.0,-1,0.11197472514346109,0.12248322188782663,0.12758019798678474,0.12911314363647958,8.0
-1,0,C,2021-04-26,3.0,2021042613402.0,2.0,D,WRD,240759.0,7.0,STAUNCH ELABORATOR,ESQUILIN CARLOS,4.0,4,124.0,-1,0.15392991309481513,0.16184235230664826,0.14996821666556856,0.14798762482632508,13.0
-1,0,C,2021-04-26,3.0,2021042613402.0,2.0,D,WRD,242920.0,13.0,SAVE THE DAY,CUNNINGHAM TRAVIS,5.0,5,124.0,-1,0.13992068137679545,0.14798762432660614,0.15267726880858182,0.1542032072515438,7.0
-1,0,C,2021-04-26,3.0,2021042613402.0,2.0,D,WRD,226998.0,136.0,WAY TOO CUTE,RICHARD RONALD,6.0,6,124.0,-1,0.12373070106917498,0.13246976320476997,0.13714591770986054,0.13861788973981254,24.0
-1,0,C,2021-04-26,3.0,2021042613402.0,2.0,D,WRD,237477.0,19.0,QUICK CALISIA,KIMES C,7.0,7,124.0,-1,0.2060129584291989,0.15392996229109152,0.14194718731428713,0.13992072656817522,14.0
0,0,M,2021-04-26,4.0,2021042613403.0,3.0,D,WRD,241631.0,7.0,FAR LEFT,ESQUILIN CARLOS,1.0,1,124.0,-1,0.25725235536623803,0.22710686906653468,0.17444706289354014,0.17060283698974962,5.0
0,0,M,2021-04-26,4.0,2021042613403.0,3.0,D,WRD,238891.0,20.0,RAINBOWS TREASURE,RICHARD RONALD,2.0,2,124.0,-1,0.22710607890410558,0.23469718605179588,0.18193952633897137,0.1781342777746074,14.0
0,0,M,2021-04-26,4.0,2021042613403.0,3.0,D,WRD,263684.0,-999.0,HEY HOMIE,TRIANA ALFREDO JR,3.0,3,118.0,-1,0.1705997135368227,0.17813163619874794,0.2132137124345,0.2190326926662853,-999.0
0,0,M,2021-04-26,4.0,2021042613403.0,3.0,D,WRD,262950.0,13.0,KOBE BEAN,KIMES C,4.0,4,118.0,-1,0.170587751902332,0.17812028895107093,0.21320323766013108,0.2190222444604754,0.0
0,0,M,2021-04-26,4.0,2021042613403.0,3.0,D,WRD,254350.0,6.0,SILVER STAR OKIE,SANCHEZ OBED,5.0,5,118.0,-1,0.1744440532380899,0.1819370204245367,0.21720152534481021,0.213213937546752,3.0
-1,0,S,2021-04-26,4.0,2021042613404.0,4.0,D,WRD,258045.0,14.0,RIVER CHARMER,MEDINA JOSE ANGEL,1.0,1,118.0,-1,0.1519626772197738,0.15310199359021204,0.1537384703591849,0.14758691744258687,2.0
-1,0,S,2021-04-26,4.0,2021042613404.0,4.0,D,WRD,219774.0,136.0,BATTLESHIP MARY,LANDEROS B C,2.0,2,124.0,-1,0.1295385504432903,0.13084388144173734,0.13147569203213777,0.13603426314838438,9.0
-1,0,S,2021-04-26,4.0,2021042613404.0,4.0,D,WRD,254644.0,12.0,EXCETERA,SANCHEZ OBED,3.0,3,124.0,-1,0.14578924843211302,0.14695651654205116,0.14758695400187088,0.15230721020096993,5.0
-1,0,S,2021-04-26,4.0,2021042613404.0,4.0,D,WRD,257650.0,19.0,SILVER POM POM,HERRERA GUSTAVO,4.0,4,118.0,-1,0.13167510151144873,0.1329504506427968,0.1335789130441356,0.13814258467740437,3.0
-1,0,S,2021-04-26,4.0,2021042613404.0,4.0,D,WRD,256512.0,19.0,GOSPEL GINA,KIMES C,5.0,5,124.0,-1,0.15355381086904618,0.15468964961990614,0.15310198812145492,0.14695647488969382,6.0
-1,0,S,2021-04-26,4.0,2021042613404.0,4.0,D,WRD,256281.0,14.0,SMOKEY REFLECTION,TRIANA ALFREDO JR,6.0,6,118.0,-1,0.16098103366611863,0.15355379890485918,0.1519626599514997,0.1457891957513924,5.0
-1,0,S,2021-04-26,4.0,2021042613404.0,4.0,D,WRD,262083.0,14.0,J LOVE,RICHARD RONALD,7.0,7,118.0,-1,0.12650021499681594,0.12790427486447256,0.12855585530014102,0.13318365925487752,1.0
0,0,C,2021-04-26,3.0,2021042613405.0,5.0,D,WRD,238545.0,34.0,CANEY'S GHOST,TRIANA ALFREDO JR,1.0,1,121.0,-1,0.19102947272054077,0.19408664659739666,0.21075168701747593,0.20423274080020465,7.0
0,0,C,2021-04-26,3.0,2021042613405.0,5.0,D,WRD,215597.0,19.0,KWIK,SANCHEZ OBED,2.0,2,118.0,-1,0.2159794006699331,0.21903235174262445,0.19408667853901332,0.18769894592023892,29.0
0,0,C,2021-04-26,3.0,2021042613405.0,5.0,D,WRD,194098.0,6.0,SIGUR ROS,WETHEY FLOYD JR,3.0,3,121.0,-1,0.18460063338287683,0.18769890515688598,0.20423273005753215,0.21389714963146303,20.0
0,0,C,2021-04-26,3.0,2021042613405.0,5.0,D,WRD,200615.0,26.0,TRUE SAINT,HERRERA GUSTAVO,4.0,4,121.0,-1,0.17998895061671666,0.18320257551048086,0.19989943380510622,0.2095705728133225,17.0
0,0,C,2021-04-26,3.0,2021042613405.0,5.0,D,WRD,189845.0,20.0,DAAHER'S SUCCESS,KIMES C,5.0,5,121.0,-1,0.22840139725417816,0.21597940823996106,0.19102951085456596,0.184600679943576,21.0
0,0,CO,2021-04-26,3.0,2021042613406.0,6.0,D,WRD,204116.0,13.0,GRAY SKY MESA,TRIANA ALFREDO JR,1.0,1,124.0,-1,0.2717589619057931,0.2517392754978276,0.24705549378542746,0.229446268810952,15.0
0,0,CO,2021-04-26,3.0,2021042613406.0,6.0,D,WRD,224754.0,25.0,LIL RED VETTE,KIMES C,2.0,2,124.0,-1,0.24705553661492394,0.2535998022960137,0.2582917328559953,0.2410529282330671,22.0
0,0,CO,2021-04-26,3.0,2021042613406.0,6.0,D,WRD,179421.0,14.0,HEY ROXY,HERRERA GUSTAVO,3.0,3,124.0,-1,0.22944643410288448,0.23637645294488402,0.24105306009746272,0.2931240528547689,39.0
0,0,CO,2021-04-26,3.0,2021042613406.0,6.0,D,WRD,213335.0,13.0,ROYAL SOPRANO,CUNNINGHAM TRAVIS,4.0,4,124.0,-1,0.2517393038400276,0.2582846000031506,0.25359978688366797,0.23637630927315378,33.0
-1,0,S,2021-04-26,3.0,2021042613407.0,7.0,D,WRD,263685.0,-999.0,ZANE GRAY,ESQUILIN CARLOS,1.0,1,118.0,-1,0.12896827304933786,0.13643535222641273,0.13674010348225468,0.141448520943608,-999.0
-1,0,S,2021-04-26,3.0,2021042613407.0,7.0,D,WRD,218460.0,21.0,BRAINSTORM,TRIANA ALFREDO JR,2.0,2,124.0,-1,0.14377721835224186,0.15058419404838444,0.14982716715600178,0.14356312016559755,1.0
-1,0,S,2021-04-26,3.0,2021042613407.0,7.0,D,WRD,263686.0,-999.0,EUROGOODBOY,RICHARD RONALD,3.0,3,118.0,-1,0.12596553962788143,0.13392837623348292,0.1342422271986673,0.13902147955539676,-999.0
-1,0,S,2021-04-26,3.0,2021042613407.0,7.0,D,WRD,262084.0,13.0,WHO ARE YOU,WETHEY FLOYD JR,4.0,4,118.0,-1,0.14301397798859572,0.14982716556297254,0.15012974443747162,0.14386266105297868,1.0
-1,0,S,2021-04-26,3.0,2021042613407.0,7.0,D,WRD,261737.0,21.0,PUNCH EM,HERRERA GUSTAVO,5.0,5,118.0,-1,0.13486913605006134,0.14188445257561136,0.1421840051584612,0.14689465396093923,1.0
-1,0,S,2021-04-26,3.0,2021042613407.0,7.0,D,WRD,263687.0,-999.0,BRICKTOWN BROWN,MANRRIQUE FREDDY JOSE,6.0,6,118.0,-1,0.18678683286458783,0.143777285513961,0.14301404631437642,0.1366185919042896,-999.0
-1,0,S,2021-04-26,3.0,2021042613407.0,7.0,D,WRD,263688.0,-999.0,LUCKY AND FAST,SANCHEZ OBED,7.0,7,118.0,-1,0.1366185107217166,0.14356310191806146,0.14386264429698128,0.14859101926505436,-999.0
0,-1,C,2021-04-26,4.0,2021042613408.0,8.0,D,WRD,254270.0,14.0,BEAUREGARD,TRIANA ALFREDO JR,1.0,1,118.0,-1,0.1832287142818165,0.1833636650968852,0.17110225659337094,0.1625491079012951,4.0
0,-1,C,2021-04-26,4.0,2021042613408.0,8.0,D,WRD,203317.0,12.0,TOWN DRUNK,KIMES C,2.0,2,124.0,-1,0.1839464079685883,0.18322871282145323,0.17096580599581954,0.1624093993249162,29.0
0,-1,C,2021-04-26,4.0,2021042613408.0,8.0,D,WRD,209350.0,13.0,OUR LION KING,RICHARD RONALD,3.0,3,124.0,-1,0.14784042187862811,0.14799793198591146,0.15420765770607323,0.16278109360016607,24.0
0,-1,C,2021-04-26,4.0,2021042613408.0,8.0,D,WRD,212239.0,12.0,STACCATO,MEDINA JOSE ANGEL,4.0,4,124.0,-1,0.16240951556625577,0.16254922294708404,0.16862168037599992,0.17728344186900635,22.0
0,-1,C,2021-04-26,4.0,2021042613408.0,8.0,D,WRD,215342.0,20.0,RYDER ROCKET,SANCHEZ OBED,5.0,5,124.0,-1,0.17096586283629947,0.17110231211550234,0.17725632386625484,0.16862161574952406,16.0
0,-1,C,2021-04-26,4.0,2021042613408.0,8.0,D,WRD,242578.0,6.0,ROYALLY,CUNNINGHAM TRAVIS,7.0,7,124.0,-1,0.1516097264594354,0.15175879668798067,0.15784661843943595,0.16635533163503954,8.0
0,0,C,2021-04-26,3.0,2021042613409.0,9.0,D,WRD,216079.0,19.0,STARWARD,RICHARD RONALD,1.0,1,124.0,-1,0.11976836018884061,0.11980732681626263,0.12159519907744627,0.1230976294819814,29.0
0,0,C,2021-04-26,3.0,2021042613409.0,9.0,D,WRD,221685.0,12.0,EUROBADGUY,ESQUILIN CARLOS,2.0,2,124.0,-1,0.13774696951589824,0.13747337541031035,0.1320174706925969,0.12948436604794683,30.0
0,0,C,2021-04-26,3.0,2021042613409.0,9.0,D,WRD,190143.0,24.0,HUMOR'S REWARD,SANCHEZ OBED,3.0,3,124.0,-1,0.10960614476519152,0.10965251661126645,0.11154519681745773,0.113068908593388,33.0
0,0,C,2021-04-26,3.0,2021042613409.0,9.0,D,WRD,212229.0,12.0,ON THE BRIDGE,TRIANA ALFREDO JR,4.0,4,124.0,-1,0.1294844675225461,0.12951958126131022,0.13128468555953343,0.13281181213750562,28.0
0,0,C,2021-04-26,3.0,2021042613409.0,9.0,D,WRD,140832.0,12.0,JUST FRED,MEDINA JOSE ANGEL,5.0,5,124.0,-1,0.10836547809928494,0.10841370837304584,0.11034207985137044,0.11188170362265405,53.0
0,0,C,2021-04-26,3.0,2021042613409.0,9.0,D,WRD,196275.0,20.0,NOW MIND YOU,MANRRIQUE FREDDY JOSE,6.0,6,124.0,-1,0.13747337684111757,0.13750735731070032,0.13205210330295514,0.12951948110721692,22.0
0,0,C,2021-04-26,3.0,2021042613409.0,9.0,D,WRD,170902.0,19.0,SPECTACTICAL,LANDEROS B C,7.0,7,124.0,-1,0.12554021821729294,0.12557650871295556,0.12734157718365663,0.12885329450021604,29.0
0,0,C,2021-04-26,3.0,2021042613409.0,9.0,D,WRD,199757.0,19.0,KIPPER,WETHEY FLOYD JR,8.0,8,124.0,-1,0.13201752968375574,0.13205216093520547,0.13382382866432393,0.13128464133780887,15.0
